maxtempC,mintempC,totalSnow_cm,sunHour,uvIndex,uvIndex.1,moon_illumination,moonrise,moonset,sunrise,sunset,DewPointC,FeelsLikeC,HeatIndexC,WindChillC,WindGustKmph,cloudcover,humidity,precipMM,pressure,tempC,visibility,winddirDegree,windspeedKmph
27,12,0.0,11.6,5,1,31,09:58 AM,10:03 PM,06:42 AM,06:05 PM,16,18,18,18,11,2,91,0.0,1014,14,10,109,8
27,12,0.0,11.6,5,1,31,09:58 AM,10:03 PM,06:42 AM,06:05 PM,16,17,17,17,9,2,93,0.0,1014,14,7,85,6
27,12,0.0,11.6,5,1,31,09:58 AM,10:03 PM,06:42 AM,06:05 PM,15,16,16,16,7,2,94,0.0,1014,13,5,61,4
27,12,0.0,11.6,5,1,31,09:58 AM,10:03 PM,06:42 AM,06:05 PM,15,15,15,15,5,2,96,0.0,1014,12,2,37,3
27,12,0.0,11.6,5,1,31,09:58 AM,10:03 PM,06:42 AM,06:05 PM,15,18,18,18,5,1,88,0.0,1015,14,5,45,3
27,12,0.0,11.6,5,1,31,09:58 AM,10:03 PM,06:42 AM,06:05 PM,16,20,22,20,5,1,80,0.0,1016,16,7,53,3
27,12,0.0,11.6,5,5,31,09:58 AM,10:03 PM,06:42 AM,06:05 PM,17,23,25,23,4,0,72,0.0,1016,18,10,61,4
27,12,0.0,11.6,5,6,31,09:58 AM,10:03 PM,06:42 AM,06:05 PM,16,24,26,24,6,0,61,0.0,1016,21,10,65,5
27,12,0.0,11.6,5,6,31,09:58 AM,10:03 PM,06:42 AM,06:05 PM,14,27,27,26,7,0,49,0.0,1015,23,10,70,6
27,12,0.0,11.6,5,7,31,09:58 AM,10:03 PM,06:42 AM,06:05 PM,12,28,28,28,8,0,37,0.0,1014,25,10,75,7
27,12,0.0,11.6,5,7,31,09:58 AM,10:03 PM,06:42 AM,06:05 PM,11,28,28,28,9,1,35,0.0,1013,26,10,89,7
27,12,0.0,11.6,5,7,31,09:58 AM,10:03 PM,06:42 AM,06:05 PM,11,28,28,29,9,2,32,0.0,1012,27,10,102,8
27,12,0.0,11.6,5,7,31,09:58 AM,10:03 PM,06:42 AM,06:05 PM,10,28,28,29,9,3,30,0.0,1011,27,10,116,8
27,12,0.0,11.6,5,7,31,09:58 AM,10:03 PM,06:42 AM,06:05 PM,11,27,27,28,8,2,37,0.0,1011,25,10,107,7
27,12,0.0,11.6,5,6,31,09:58 AM,10:03 PM,06:42 AM,06:05 PM,13,26,26,26,7,1,44,0.0,1011,23,10,98,5
27,12,0.0,11.6,5,6,31,09:58 AM,10:03 PM,06:42 AM,06:05 PM,14,25,26,25,6,0,51,0.0,1011,21,10,88,4
27,12,0.0,11.6,5,6,31,09:58 AM,10:03 PM,06:42 AM,06:05 PM,14,23,23,23,10,2,57,0.0,1012,20,10,90,5
27,12,0.0,11.6,5,5,31,09:58 AM,10:03 PM,06:42 AM,06:05 PM,13,21,21,21,14,3,62,0.0,1014,19,10,91,7
27,12,0.0,11.6,5,5,31,09:58 AM,10:03 PM,06:42 AM,06:05 PM,12,18,18,18,17,5,67,0.0,1015,17,10,92,8
27,12,0.0,11.6,5,1,31,09:58 AM,10:03 PM,06:42 AM,06:05 PM,13,18,18,18,20,7,73,0.0,1015,17,10,94,9
27,12,0.0,11.6,5,1,31,09:58 AM,10:03 PM,06:42 AM,06:05 PM,13,17,17,17,22,9,79,0.0,1015,17,10,96,10
27,12,0.0,11.6,5,1,31,09:58 AM,10:03 PM,06:42 AM,06:05 PM,14,17,17,17,24,11,85,0.0,1015,16,10,98,12
27,12,0.0,11.6,5,1,31,09:58 AM,10:03 PM,06:42 AM,06:05 PM,14,16,16,16,22,41,89,0.0,1015,16,7,99,11
27,12,0.0,11.6,5,1,31,09:58 AM,10:03 PM,06:42 AM,06:05 PM,15,16,16,16,21,70,94,0.0,1015,16,3,100,11
27,16,0.0,11.6,5,1,38,10:34 AM,10:51 PM,06:42 AM,06:05 PM,16,16,16,16,19,100,98,0.0,1015,16,0,101,10
27,16,0.0,11.6,5,1,38,10:34 AM,10:51 PM,06:42 AM,06:05 PM,16,16,16,16,14,96,98,0.0,1015,16,1,91,8
27,16,0.0,11.6,5,1,38,10:34 AM,10:51 PM,06:42 AM,06:05 PM,16,17,17,17,9,92,97,0.0,1014,16,1,81,6
27,16,0.0,11.6,5,1,38,10:34 AM,10:51 PM,06:42 AM,06:05 PM,16,17,17,17,4,89,96,0.0,1014,17,2,71,3
27,16,0.0,11.6,5,1,38,10:34 AM,10:51 PM,06:42 AM,06:05 PM,16,18,18,18,5,71,92,0.0,1015,17,5,86,4
27,16,0.0,11.6,5,1,38,10:34 AM,10:51 PM,06:42 AM,06:05 PM,16,18,18,18,5,54,89,0.0,1016,17,7,101,4
27,16,0.0,11.6,5,5,38,10:34 AM,10:51 PM,06:42 AM,06:05 PM,16,18,18,18,6,36,85,0.0,1016,18,10,116,5
27,16,0.0,11.6,5,6,38,10:34 AM,10:51 PM,06:42 AM,06:05 PM,15,21,21,21,6,26,71,0.0,1016,20,10,105,5
27,16,0.0,11.6,5,6,38,10:34 AM,10:51 PM,06:42 AM,06:05 PM,14,24,24,24,7,16,57,0.0,1016,23,10,94,6
27,16,0.0,11.6,5,7,38,10:34 AM,10:51 PM,06:42 AM,06:05 PM,13,27,27,27,7,7,43,0.0,1015,26,10,83,6
27,16,0.0,11.6,5,7,38,10:34 AM,10:51 PM,06:42 AM,06:05 PM,13,27,27,27,8,6,40,0.0,1014,26,10,94,7
27,16,0.0,11.6,5,7,38,10:34 AM,10:51 PM,06:42 AM,06:05 PM,12,27,27,28,8,6,38,0.0,1013,27,10,106,7
27,16,0.0,11.6,5,7,38,10:34 AM,10:51 PM,06:42 AM,06:05 PM,11,28,28,28,9,5,35,0.0,1012,27,10,117,8
27,16,0.0,11.6,5,7,38,10:34 AM,10:51 PM,06:42 AM,06:05 PM,12,27,27,27,10,5,40,0.0,1012,26,10,111,8
27,16,0.0,11.6,5,6,38,10:34 AM,10:51 PM,06:42 AM,06:05 PM,13,26,26,26,11,5,46,0.0,1012,25,10,105,8
27,16,0.0,11.6,5,6,38,10:34 AM,10:51 PM,06:42 AM,06:05 PM,14,25,25,24,13,5,51,0.0,1012,23,10,99,8
27,16,0.0,11.6,5,6,38,10:34 AM,10:51 PM,06:42 AM,06:05 PM,14,23,24,23,15,9,58,0.0,1013,22,10,101,8
27,16,0.0,11.6,5,6,38,10:34 AM,10:51 PM,06:42 AM,06:05 PM,14,21,22,21,17,12,64,0.0,1014,21,10,103,9
27,16,0.0,11.6,5,5,38,10:34 AM,10:51 PM,06:42 AM,06:05 PM,14,20,20,20,19,16,71,0.0,1014,19,10,105,10
27,16,0.0,11.6,5,1,38,10:34 AM,10:51 PM,06:42 AM,06:05 PM,15,19,19,19,19,28,74,0.0,1015,19,10,103,11
27,16,0.0,11.6,5,1,38,10:34 AM,10:51 PM,06:42 AM,06:05 PM,15,19,19,19,20,40,78,0.0,1015,19,10,101,12
27,16,0.0,11.6,5,1,38,10:34 AM,10:51 PM,06:42 AM,06:05 PM,16,19,19,19,20,52,81,0.0,1016,19,10,99,13
27,16,0.0,11.6,5,1,38,10:34 AM,10:51 PM,06:42 AM,06:05 PM,16,18,18,18,20,50,86,0.0,1015,18,7,103,13
27,16,0.0,11.6,5,1,38,10:34 AM,10:51 PM,06:42 AM,06:05 PM,16,18,18,18,20,48,90,0.0,1015,18,5,107,12
25,15,0.0,11.6,5,1,45,11:11 AM,11:40 PM,06:42 AM,06:06 PM,16,17,17,17,19,46,94,0.0,1015,17,2,111,12
25,15,0.0,11.6,5,1,45,11:11 AM,11:40 PM,06:42 AM,06:06 PM,16,17,17,17,16,64,96,0.0,1015,16,1,104,9
25,15,0.0,11.6,5,1,45,11:11 AM,11:40 PM,06:42 AM,06:06 PM,16,16,16,16,12,82,97,0.0,1015,16,1,96,7
25,15,0.0,11.6,5,1,45,11:11 AM,11:40 PM,06:42 AM,06:06 PM,15,16,16,16,8,100,98,0.0,1015,15,0,89,5
25,15,0.0,11.6,5,1,45,11:11 AM,11:40 PM,06:42 AM,06:06 PM,15,17,17,17,8,85,91,0.0,1016,16,3,96,5
25,15,0.0,11.6,5,1,45,11:11 AM,11:40 PM,06:42 AM,06:06 PM,15,18,18,18,8,70,84,0.0,1017,18,7,104,6
25,15,0.0,11.6,5,5,45,11:11 AM,11:40 PM,06:42 AM,06:06 PM,15,19,19,19,8,55,77,0.0,1017,19,10,111,7
25,15,0.0,11.6,5,6,45,11:11 AM,11:40 PM,06:42 AM,06:06 PM,15,21,21,21,8,52,69,0.0,1017,20,10,102,7
25,15,0.0,11.6,5,6,45,11:11 AM,11:40 PM,06:42 AM,06:06 PM,14,23,23,22,8,49,62,0.0,1017,22,10,94,7
25,15,0.0,11.6,5,6,45,11:11 AM,11:40 PM,06:42 AM,06:06 PM,14,25,25,24,9,46,54,0.0,1016,24,10,85,8
25,15,0.0,11.6,5,6,45,11:11 AM,11:40 PM,06:42 AM,06:06 PM,14,26,26,25,9,38,52,0.0,1015,24,10,86,8
25,15,0.0,11.6,5,6,45,11:11 AM,11:40 PM,06:42 AM,06:06 PM,14,26,26,25,9,31,50,0.0,1014,25,10,86,8
25,15,0.0,11.6,5,7,45,11:11 AM,11:40 PM,06:42 AM,06:06 PM,14,26,26,26,9,23,48,0.0,1012,25,10,87,8
25,15,0.0,11.6,5,6,45,11:11 AM,11:40 PM,06:42 AM,06:06 PM,14,26,26,25,9,20,52,0.0,1013,24,10,91,7
25,15,0.0,11.6,5,6,45,11:11 AM,11:40 PM,06:42 AM,06:06 PM,14,25,25,24,10,17,56,0.0,1013,23,10,95,6
25,15,0.0,11.6,5,6,45,11:11 AM,11:40 PM,06:42 AM,06:06 PM,15,25,25,23,10,13,59,0.0,1013,22,10,98,6
25,15,0.0,11.6,5,6,45,11:11 AM,11:40 PM,06:42 AM,06:06 PM,14,22,25,22,11,18,61,0.0,1013,22,10,105,7
25,15,0.0,11.6,5,6,45,11:11 AM,11:40 PM,06:42 AM,06:06 PM,14,22,25,22,13,22,63,0.0,1014,21,10,111,8
25,15,0.0,11.6,5,6,45,11:11 AM,11:40 PM,06:42 AM,06:06 PM,14,21,24,21,14,26,64,0.0,1015,21,10,118,9
25,15,0.0,11.6,5,1,45,11:11 AM,11:40 PM,06:42 AM,06:06 PM,14,21,23,21,16,26,68,0.0,1015,20,10,111,11
25,15,0.0,11.6,5,1,45,11:11 AM,11:40 PM,06:42 AM,06:06 PM,14,20,21,20,18,26,71,0.0,1016,20,10,105,12
25,15,0.0,11.6,5,1,45,11:11 AM,11:40 PM,06:42 AM,06:06 PM,15,19,19,19,19,27,75,0.0,1016,19,10,98,13
25,15,0.0,11.6,5,1,45,11:11 AM,11:40 PM,06:42 AM,06:06 PM,15,18,18,18,19,33,79,0.0,1016,18,10,100,12
25,15,0.0,11.6,5,1,45,11:11 AM,11:40 PM,06:42 AM,06:06 PM,14,17,17,17,18,39,84,0.0,1015,17,10,103,12
27,15,0.0,11.6,6,1,52,11:50 AM,No moonset,06:43 AM,06:06 PM,14,16,16,16,18,45,89,0.0,1015,16,10,105,11
27,15,0.0,11.6,6,1,52,11:50 AM,No moonset,06:43 AM,06:06 PM,14,16,16,16,15,60,91,0.0,1015,16,7,97,9
27,15,0.0,11.6,6,1,52,11:50 AM,No moonset,06:43 AM,06:06 PM,14,16,15,16,13,75,94,0.0,1015,15,5,89,7
27,15,0.0,11.6,6,1,52,11:50 AM,No moonset,06:43 AM,06:06 PM,14,15,15,15,11,89,96,0.0,1015,15,2,81,5
27,15,0.0,11.6,6,1,52,11:50 AM,No moonset,06:43 AM,06:06 PM,14,17,16,17,9,76,88,0.0,1016,16,5,81,5
27,15,0.0,11.6,6,1,52,11:50 AM,No moonset,06:43 AM,06:06 PM,14,18,18,18,8,63,79,0.0,1017,17,7,81,5
27,15,0.0,11.6,6,5,52,11:50 AM,No moonset,06:43 AM,06:06 PM,14,19,19,19,6,49,71,0.0,1017,19,10,82,5
27,15,0.0,11.6,6,6,52,11:50 AM,No moonset,06:43 AM,06:06 PM,14,22,22,22,6,41,63,0.0,1017,21,10,76,5
27,15,0.0,11.6,6,6,52,11:50 AM,No moonset,06:43 AM,06:06 PM,14,24,24,24,6,33,55,0.0,1016,23,10,70,5
27,15,0.0,11.6,6,7,52,11:50 AM,No moonset,06:43 AM,06:06 PM,14,27,27,26,6,25,47,0.0,1016,26,10,64,5
27,15,0.0,11.6,6,7,52,11:50 AM,No moonset,06:43 AM,06:06 PM,14,27,27,27,6,20,44,0.0,1015,26,10,70,6
27,15,0.0,11.6,6,7,52,11:50 AM,No moonset,06:43 AM,06:06 PM,13,27,27,27,7,15,42,0.0,1013,26,10,76,6
27,15,0.0,11.6,6,7,52,11:50 AM,No moonset,06:43 AM,06:06 PM,13,28,28,28,7,11,39,0.0,1012,27,10,82,6
27,15,0.0,11.6,6,7,52,11:50 AM,No moonset,06:43 AM,06:06 PM,14,27,27,27,7,9,45,0.0,1012,26,10,83,6
27,15,0.0,11.6,6,6,52,11:50 AM,No moonset,06:43 AM,06:06 PM,15,26,26,26,7,8,51,0.0,1012,25,10,84,5
27,15,0.0,11.6,6,6,52,11:50 AM,No moonset,06:43 AM,06:06 PM,15,26,26,25,7,6,56,0.0,1011,23,10,85,4
27,15,0.0,11.6,6,6,52,11:50 AM,No moonset,06:43 AM,06:06 PM,15,25,25,24,10,8,58,0.0,1012,23,10,83,6
27,15,0.0,11.6,6,6,52,11:50 AM,No moonset,06:43 AM,06:06 PM,14,23,25,23,12,10,60,0.0,1013,22,10,82,7
27,15,0.0,11.6,6,6,52,11:50 AM,No moonset,06:43 AM,06:06 PM,14,21,24,21,15,11,61,0.0,1013,21,10,81,9
27,15,0.0,11.6,6,1,52,11:50 AM,No moonset,06:43 AM,06:06 PM,14,21,23,21,18,27,67,0.0,1014,20,10,84,11
27,15,0.0,11.6,6,1,52,11:50 AM,No moonset,06:43 AM,06:06 PM,15,20,21,20,20,43,72,0.0,1014,20,10,88,13
27,15,0.0,11.6,6,1,52,11:50 AM,No moonset,06:43 AM,06:06 PM,15,19,19,19,22,59,78,0.0,1014,19,10,92,15
27,15,0.0,11.6,6,1,52,11:50 AM,No moonset,06:43 AM,06:06 PM,15,19,19,19,21,64,82,0.0,1014,19,10,96,14
27,15,0.0,11.6,6,1,52,11:50 AM,No moonset,06:43 AM,06:06 PM,16,18,18,18,20,69,87,0.0,1014,18,10,100,13
28,16,0.0,11.6,5,1,60,12:31 PM,12:31 AM,06:43 AM,06:07 PM,16,18,18,18,18,74,91,0.0,1014,18,10,104,12
28,16,0.0,11.6,5,1,60,12:31 PM,12:31 AM,06:43 AM,06:07 PM,16,17,17,17,15,83,93,0.0,1013,17,7,97,9
28,16,0.0,11.6,5,1,60,12:31 PM,12:31 AM,06:43 AM,06:07 PM,16,17,17,17,11,91,96,0.0,1013,16,3,90,7
28,16,0.0,11.6,5,1,60,12:31 PM,12:31 AM,06:43 AM,06:07 PM,16,16,16,16,7,100,98,0.0,1013,16,0,83,4
28,16,0.0,11.6,5,1,60,12:31 PM,12:31 AM,06:43 AM,06:07 PM,16,17,17,17,7,73,91,0.0,1014,17,3,103,5
28,16,0.0,11.6,5,1,60,12:31 PM,12:31 AM,06:43 AM,06:07 PM,16,19,19,19,7,45,84,0.0,1014,18,7,123,6
28,16,0.0,11.6,5,5,60,12:31 PM,12:31 AM,06:43 AM,06:07 PM,16,20,20,20,7,18,77,0.0,1015,19,10,143,6
28,16,0.0,11.6,5,6,60,12:31 PM,12:31 AM,06:43 AM,06:07 PM,15,23,23,23,7,16,65,0.0,1014,22,10,125,6
28,16,0.0,11.6,5,6,60,12:31 PM,12:31 AM,06:43 AM,06:07 PM,14,25,25,25,6,14,53,0.0,1014,24,10,106,5
28,16,0.0,11.6,5,7,60,12:31 PM,12:31 AM,06:43 AM,06:07 PM,13,28,28,28,5,12,40,0.0,1014,27,10,88,5
28,16,0.0,11.6,5,7,60,12:31 PM,12:31 AM,06:43 AM,06:07 PM,13,28,28,28,6,10,38,0.0,1013,27,10,91,5
28,16,0.0,11.6,5,7,60,12:31 PM,12:31 AM,06:43 AM,06:07 PM,12,28,28,28,7,8,37,0.0,1012,27,10,94,6
28,16,0.0,11.6,5,7,60,12:31 PM,12:31 AM,06:43 AM,06:07 PM,12,28,28,29,7,6,35,0.0,1011,28,10,96,6
28,16,0.0,11.6,5,7,60,12:31 PM,12:31 AM,06:43 AM,06:07 PM,13,28,28,28,7,4,40,0.0,1011,26,10,98,6
28,16,0.0,11.6,5,6,60,12:31 PM,12:31 AM,06:43 AM,06:07 PM,14,27,27,27,6,2,46,0.0,1010,25,10,100,5
28,16,0.0,11.6,5,6,60,12:31 PM,12:31 AM,06:43 AM,06:07 PM,15,27,27,26,5,0,51,0.0,1010,23,10,102,5
28,16,0.0,11.6,5,6,60,12:31 PM,12:31 AM,06:43 AM,06:07 PM,15,24,25,24,10,2,55,0.0,1011,22,10,106,7
28,16,0.0,11.6,5,6,60,12:31 PM,12:31 AM,06:43 AM,06:07 PM,14,22,22,22,15,4,60,0.0,1012,20,10,109,9
28,16,0.0,11.6,5,5,60,12:31 PM,12:31 AM,06:43 AM,06:07 PM,13,20,20,20,20,6,64,0.0,1012,19,10,113,10
28,16,0.0,11.6,5,1,60,12:31 PM,12:31 AM,06:43 AM,06:07 PM,13,19,19,19,21,6,69,0.0,1013,18,10,112,11
28,16,0.0,11.6,5,1,60,12:31 PM,12:31 AM,06:43 AM,06:07 PM,13,18,18,18,21,5,75,0.0,1013,18,10,110,12
28,16,0.0,11.6,5,1,60,12:31 PM,12:31 AM,06:43 AM,06:07 PM,14,17,17,17,21,5,81,0.0,1013,17,10,109,12
28,16,0.0,11.6,5,1,60,12:31 PM,12:31 AM,06:43 AM,06:07 PM,14,17,17,17,20,8,84,0.0,1013,16,10,108,11
28,16,0.0,11.6,5,1,60,12:31 PM,12:31 AM,06:43 AM,06:07 PM,14,16,16,16,18,11,87,0.0,1013,16,10,107,10
28,13,0.0,11.6,5,1,67,01:18 PM,01:27 AM,06:43 AM,06:07 PM,14,16,16,16,16,14,91,0.0,1013,15,10,107,9
28,13,0.0,11.6,5,1,67,01:18 PM,01:27 AM,06:43 AM,06:07 PM,14,16,15,16,13,13,93,0.0,1013,14,7,98,7
28,13,0.0,11.6,5,1,67,01:18 PM,01:27 AM,06:43 AM,06:07 PM,14,15,15,15,11,11,94,0.0,1013,14,5,90,6
28,13,0.0,11.6,5,1,67,01:18 PM,01:27 AM,06:43 AM,06:07 PM,14,15,15,15,8,10,96,0.0,1013,13,2,81,4
28,13,0.0,11.6,5,1,67,01:18 PM,01:27 AM,06:43 AM,06:07 PM,15,17,18,17,8,7,87,0.0,1013,15,5,96,5
28,13,0.0,11.6,5,1,67,01:18 PM,01:27 AM,06:43 AM,06:07 PM,15,19,21,19,8,3,78,0.0,1014,17,7,112,6
28,13,0.0,11.6,5,5,67,01:18 PM,01:27 AM,06:43 AM,06:07 PM,16,22,24,22,7,0,70,0.0,1015,18,10,128,6
28,13,0.0,11.6,5,6,67,01:18 PM,01:27 AM,06:43 AM,06:07 PM,14,24,26,24,7,1,57,0.0,1014,21,10,128,6
28,13,0.0,11.6,5,6,67,01:18 PM,01:27 AM,06:43 AM,06:07 PM,13,27,27,27,6,1,45,0.0,1014,24,10,129,5
28,13,0.0,11.6,5,7,67,01:18 PM,01:27 AM,06:43 AM,06:07 PM,11,28,28,29,5,2,32,0.0,1014,27,10,129,4
28,13,0.0,11.6,5,7,67,01:18 PM,01:27 AM,06:43 AM,06:07 PM,10,29,29,30,6,1,30,0.0,1013,27,10,119,5
28,13,0.0,11.6,5,7,67,01:18 PM,01:27 AM,06:43 AM,06:07 PM,9,29,29,30,6,1,27,0.0,1012,27,10,110,6
28,13,0.0,11.6,5,7,67,01:18 PM,01:27 AM,06:43 AM,06:07 PM,8,29,29,31,7,0,25,0.0,1011,28,10,100,6
28,13,0.0,11.6,5,7,67,01:18 PM,01:27 AM,06:43 AM,06:07 PM,9,28,28,29,8,1,31,0.0,1011,26,10,99,6
28,13,0.0,11.6,5,6,67,01:18 PM,01:27 AM,06:43 AM,06:07 PM,10,26,26,26,8,2,37,0.0,1010,24,10,97,5
28,13,0.0,11.6,5,6,67,01:18 PM,01:27 AM,06:43 AM,06:07 PM,11,25,25,24,9,3,43,0.0,1010,22,10,96,5
28,13,0.0,11.6,5,6,67,01:18 PM,01:27 AM,06:43 AM,06:07 PM,10,23,23,23,13,3,46,0.0,1011,21,10,99,7
28,13,0.0,11.6,5,5,67,01:18 PM,01:27 AM,06:43 AM,06:07 PM,10,21,21,21,17,3,50,0.0,1012,20,10,101,8
28,13,0.0,11.6,5,5,67,01:18 PM,01:27 AM,06:43 AM,06:07 PM,10,19,19,19,21,3,53,0.0,1013,19,10,104,10
28,13,0.0,11.6,5,1,67,01:18 PM,01:27 AM,06:43 AM,06:07 PM,10,19,19,19,21,4,60,0.0,1014,18,10,103,10
28,13,0.0,11.6,5,1,67,01:18 PM,01:27 AM,06:43 AM,06:07 PM,11,18,18,18,22,5,66,0.0,1014,17,10,102,10
28,13,0.0,11.6,5,1,67,01:18 PM,01:27 AM,06:43 AM,06:07 PM,12,17,17,17,22,6,73,0.0,1014,16,10,101,10
28,13,0.0,11.6,5,1,67,01:18 PM,01:27 AM,06:43 AM,06:07 PM,13,16,16,16,21,11,80,0.0,1014,16,10,101,10
28,13,0.0,11.6,5,1,67,01:18 PM,01:27 AM,06:43 AM,06:07 PM,14,16,16,16,19,17,87,0.0,1014,16,10,102,10
26,15,0.0,10.2,5,1,74,02:10 PM,02:26 AM,06:44 AM,06:08 PM,15,16,16,16,18,22,94,0.0,1014,15,10,102,9
26,15,0.0,10.2,5,1,74,02:10 PM,02:26 AM,06:44 AM,06:08 PM,15,16,16,16,14,48,95,0.0,1014,15,7,94,8
26,15,0.0,10.2,5,1,74,02:10 PM,02:26 AM,06:44 AM,06:08 PM,15,16,16,16,10,74,96,0.0,1014,15,3,87,6
26,15,0.0,10.2,5,1,74,02:10 PM,02:26 AM,06:44 AM,06:08 PM,16,16,16,16,7,100,98,0.0,1014,15,0,79,4
26,15,0.0,10.2,5,1,74,02:10 PM,02:26 AM,06:44 AM,06:08 PM,16,16,16,16,7,95,96,0.0,1015,16,3,87,5
26,15,0.0,10.2,5,1,74,02:10 PM,02:26 AM,06:44 AM,06:08 PM,16,17,17,17,7,91,95,0.0,1015,16,7,95,5
26,15,0.0,10.2,5,4,74,02:10 PM,02:26 AM,06:44 AM,06:08 PM,16,17,17,17,7,86,93,0.0,1015,17,10,102,5
26,15,0.0,10.2,5,4,74,02:10 PM,02:26 AM,06:44 AM,06:08 PM,15,20,20,20,6,63,77,0.0,1015,20,10,103,5
26,15,0.0,10.2,5,6,74,02:10 PM,02:26 AM,06:44 AM,06:08 PM,15,24,24,24,5,39,62,0.0,1015,23,10,104,4
26,15,0.0,10.2,5,7,74,02:10 PM,02:26 AM,06:44 AM,06:08 PM,14,27,27,27,5,16,46,0.0,1015,26,10,105,4
26,15,0.0,10.2,5,7,74,02:10 PM,02:26 AM,06:44 AM,06:08 PM,14,27,27,26,7,33,47,0.0,1014,25,10,116,6
26,15,0.0,10.2,5,5,74,02:10 PM,02:26 AM,06:44 AM,06:08 PM,14,26,26,25,9,49,49,0.0,1013,25,10,128,8
26,15,0.0,10.2,5,5,74,02:10 PM,02:26 AM,06:44 AM,06:08 PM,13,26,26,25,11,66,50,0.0,1012,24,10,139,10
26,15,0.0,10.2,5,5,74,02:10 PM,02:26 AM,06:44 AM,06:08 PM,15,24,24,23,10,63,59,0.0,1012,23,10,133,9
26,15,0.0,10.2,5,6,74,02:10 PM,02:26 AM,06:44 AM,06:08 PM,16,22,23,22,10,59,68,0.0,1012,22,10,127,7
26,15,0.0,10.2,5,6,74,02:10 PM,02:26 AM,06:44 AM,06:08 PM,17,21,21,21,9,56,77,0.0,1012,21,10,121,6
26,15,0.0,10.2,5,6,74,02:10 PM,02:26 AM,06:44 AM,06:08 PM,17,21,21,21,12,52,81,0.0,1013,20,10,120,8
26,15,0.0,10.2,5,4,74,02:10 PM,02:26 AM,06:44 AM,06:08 PM,17,20,20,20,14,48,84,0.1,1014,20,9,118,10
26,15,0.0,10.2,5,4,74,02:10 PM,02:26 AM,06:44 AM,06:08 PM,18,20,20,20,17,44,88,0.1,1015,20,9,117,12
26,15,0.0,10.2,5,1,74,02:10 PM,02:26 AM,06:44 AM,06:08 PM,18,20,20,20,19,45,88,0.0,1015,19,9,117,13
26,15,0.0,10.2,5,1,74,02:10 PM,02:26 AM,06:44 AM,06:08 PM,18,19,19,19,20,47,89,0.0,1015,19,10,117,14
26,15,0.0,10.2,5,1,74,02:10 PM,02:26 AM,06:44 AM,06:08 PM,18,19,19,19,21,49,90,0.0,1016,19,10,117,14
26,15,0.0,10.2,5,1,74,02:10 PM,02:26 AM,06:44 AM,06:08 PM,17,19,19,19,21,51,90,0.0,1016,19,10,117,14
26,15,0.0,10.2,5,1,74,02:10 PM,02:26 AM,06:44 AM,06:08 PM,17,19,19,19,20,53,91,0.0,1015,19,10,117,13
25,18,0.0,7.3,6,1,82,03:10 PM,03:31 AM,06:44 AM,06:08 PM,17,18,18,18,20,55,91,0.0,1015,18,10,117,13
25,18,0.0,7.3,6,1,82,03:10 PM,03:31 AM,06:44 AM,06:08 PM,17,19,19,19,16,57,91,0.0,1015,18,10,109,11
25,18,0.0,7.3,6,1,82,03:10 PM,03:31 AM,06:44 AM,06:08 PM,17,19,19,19,12,58,91,0.0,1015,18,10,101,8
25,18,0.0,7.3,6,1,82,03:10 PM,03:31 AM,06:44 AM,06:08 PM,18,19,19,19,8,59,91,0.0,1015,19,10,93,6
25,18,0.0,7.3,6,1,82,03:10 PM,03:31 AM,06:44 AM,06:08 PM,18,19,19,19,10,63,91,0.0,1015,19,8,99,7
25,18,0.0,7.3,6,1,82,03:10 PM,03:31 AM,06:44 AM,06:08 PM,18,19,19,19,12,66,91,0.1,1016,19,7,104,8
25,18,0.0,7.3,6,4,82,03:10 PM,03:31 AM,06:44 AM,06:08 PM,18,19,19,19,14,70,90,0.2,1017,19,5,109,10
25,18,0.0,7.3,6,4,82,03:10 PM,03:31 AM,06:44 AM,06:08 PM,18,20,21,20,13,71,86,0.1,1017,20,7,115,10
25,18,0.0,7.3,6,5,82,03:10 PM,03:31 AM,06:44 AM,06:08 PM,18,21,23,21,13,73,82,0.0,1017,21,8,121,11
25,18,0.0,7.3,6,5,82,03:10 PM,03:31 AM,06:44 AM,06:08 PM,18,22,24,22,13,75,77,0.0,1017,22,10,128,11
25,18,0.0,7.3,6,5,82,03:10 PM,03:31 AM,06:44 AM,06:08 PM,17,25,25,23,13,65,71,0.0,1016,23,10,129,11
25,18,0.0,7.3,6,5,82,03:10 PM,03:31 AM,06:44 AM,06:08 PM,17,26,26,24,13,56,65,0.1,1015,24,9,130,11
25,18,0.0,7.3,6,6,82,03:10 PM,03:31 AM,06:44 AM,06:08 PM,17,27,27,26,13,47,59,0.2,1014,25,9,132,11
25,18,0.0,7.3,6,5,82,03:10 PM,03:31 AM,06:44 AM,06:08 PM,18,25,25,24,13,53,69,0.1,1014,24,9,122,10
25,18,0.0,7.3,6,5,82,03:10 PM,03:31 AM,06:44 AM,06:08 PM,18,23,23,22,14,59,78,0.0,1014,22,10,113,10
25,18,0.0,7.3,6,5,82,03:10 PM,03:31 AM,06:44 AM,06:08 PM,19,21,21,21,15,66,88,0.0,1014,21,10,103,9
25,18,0.0,7.3,6,5,82,03:10 PM,03:31 AM,06:44 AM,06:08 PM,19,20,20,20,17,69,89,0.0,1015,20,10,102,11
25,18,0.0,7.3,6,4,82,03:10 PM,03:31 AM,06:44 AM,06:08 PM,18,20,20,20,20,72,90,0.4,1016,20,10,101,13
25,18,0.0,7.3,6,4,82,03:10 PM,03:31 AM,06:44 AM,06:08 PM,18,20,20,20,23,75,92,0.6,1017,20,10,100,15
25,18,0.0,7.3,6,1,82,03:10 PM,03:31 AM,06:44 AM,06:08 PM,18,19,19,19,23,67,91,0.3,1017,19,10,100,16
25,18,0.0,7.3,6,1,82,03:10 PM,03:31 AM,06:44 AM,06:08 PM,17,19,19,19,24,58,91,0.0,1018,19,10,100,16
25,18,0.0,7.3,6,1,82,03:10 PM,03:31 AM,06:44 AM,06:08 PM,17,19,19,19,24,49,91,0.0,1018,19,10,100,16
25,18,0.0,7.3,6,1,82,03:10 PM,03:31 AM,06:44 AM,06:08 PM,17,18,18,18,22,50,91,0.0,1018,18,10,103,15
25,18,0.0,7.3,6,1,82,03:10 PM,03:31 AM,06:44 AM,06:08 PM,17,18,18,18,21,50,92,0.0,1018,18,10,107,14
27,17,0.0,11.6,6,1,89,04:15 PM,04:37 AM,06:44 AM,06:09 PM,16,18,18,18,20,51,92,0.0,1017,18,10,110,13
27,17,0.0,11.6,6,1,89,04:15 PM,04:37 AM,06:44 AM,06:09 PM,16,18,18,18,17,44,92,0.0,1017,17,10,104,12
27,17,0.0,11.6,6,1,89,04:15 PM,04:37 AM,06:44 AM,06:09 PM,16,18,18,18,15,37,92,0.0,1017,17,10,98,10
27,17,0.0,11.6,6,1,89,04:15 PM,04:37 AM,06:44 AM,06:09 PM,16,18,18,18,13,29,91,0.0,1017,17,10,92,8
27,17,0.0,11.6,6,1,89,04:15 PM,04:37 AM,06:44 AM,06:09 PM,16,19,19,19,14,25,86,0.0,1017,18,10,90,10
27,17,0.0,11.6,6,1,89,04:15 PM,04:37 AM,06:44 AM,06:09 PM,16,20,20,20,14,20,81,0.0,1017,19,10,88,11
27,17,0.0,11.6,6,6,89,04:15 PM,04:37 AM,06:44 AM,06:09 PM,16,21,21,21,15,15,75,0.0,1018,20,10,86,13
27,17,0.0,11.6,6,6,89,04:15 PM,04:37 AM,06:44 AM,06:09 PM,16,23,23,22,15,19,67,0.0,1018,22,10,91,13
27,17,0.0,11.6,6,6,89,04:15 PM,04:37 AM,06:44 AM,06:09 PM,15,25,25,24,15,23,59,0.0,1018,24,10,96,13
27,17,0.0,11.6,6,7,89,04:15 PM,04:37 AM,06:44 AM,06:09 PM,15,27,27,26,15,26,51,0.0,1017,26,10,101,13
27,17,0.0,11.6,6,7,89,04:15 PM,04:37 AM,06:44 AM,06:09 PM,15,27,27,27,17,23,49,0.0,1016,26,10,102,14
27,17,0.0,11.6,6,7,89,04:15 PM,04:37 AM,06:44 AM,06:09 PM,15,27,27,27,18,20,47,0.0,1015,27,10,103,16
27,17,0.0,11.6,6,7,89,04:15 PM,04:37 AM,06:44 AM,06:09 PM,14,27,27,27,20,18,46,0.0,1014,27,10,104,17
27,17,0.0,11.6,6,7,89,04:15 PM,04:37 AM,06:44 AM,06:09 PM,15,27,27,26,16,19,51,0.0,1014,26,10,105,14
27,17,0.0,11.6,6,6,89,04:15 PM,04:37 AM,06:44 AM,06:09 PM,16,26,26,25,13,20,56,0.0,1014,25,10,105,10
27,17,0.0,11.6,6,6,89,04:15 PM,04:37 AM,06:44 AM,06:09 PM,16,26,26,24,9,22,60,0.0,1014,24,10,106,6
27,17,0.0,11.6,6,6,89,04:15 PM,04:37 AM,06:44 AM,06:09 PM,16,24,24,23,14,23,64,0.0,1015,23,10,105,9
27,17,0.0,11.6,6,6,89,04:15 PM,04:37 AM,06:44 AM,06:09 PM,16,22,23,22,18,23,67,0.0,1016,22,10,105,11
27,17,0.0,11.6,6,6,89,04:15 PM,04:37 AM,06:44 AM,06:09 PM,15,21,21,21,22,24,71,0.0,1017,21,10,105,13
27,17,0.0,11.6,6,1,89,04:15 PM,04:37 AM,06:44 AM,06:09 PM,15,20,20,20,22,18,73,0.0,1017,20,10,102,13
27,17,0.0,11.6,6,1,89,04:15 PM,04:37 AM,06:44 AM,06:09 PM,15,20,20,20,22,13,75,0.0,1017,19,10,99,13
27,17,0.0,11.6,6,1,89,04:15 PM,04:37 AM,06:44 AM,06:09 PM,15,19,19,19,22,7,77,0.0,1017,19,10,97,13
27,17,0.0,11.6,6,1,89,04:15 PM,04:37 AM,06:44 AM,06:09 PM,15,18,18,18,21,9,80,0.0,1017,18,10,95,13
27,17,0.0,11.6,6,1,89,04:15 PM,04:37 AM,06:44 AM,06:09 PM,15,18,18,18,20,11,83,0.0,1017,18,10,94,12
27,16,0.0,11.6,6,1,96,05:24 PM,05:44 AM,06:45 AM,06:10 PM,15,17,17,17,20,13,85,0.0,1016,17,10,92,12
27,16,0.0,11.6,6,1,96,05:24 PM,05:44 AM,06:45 AM,06:10 PM,15,17,17,17,17,13,87,0.0,1016,17,10,85,10
27,16,0.0,11.6,6,1,96,05:24 PM,05:44 AM,06:45 AM,06:10 PM,15,17,17,17,15,12,88,0.0,1017,16,10,78,9
27,16,0.0,11.6,6,1,96,05:24 PM,05:44 AM,06:45 AM,06:10 PM,15,17,17,17,12,12,90,0.0,1017,16,10,71,8
27,16,0.0,11.6,6,1,96,05:24 PM,05:44 AM,06:45 AM,06:10 PM,15,18,18,18,15,23,83,0.0,1017,17,10,75,11
27,16,0.0,11.6,6,1,96,05:24 PM,05:44 AM,06:45 AM,06:10 PM,14,18,18,18,18,33,76,0.0,1018,18,10,80,14
27,16,0.0,11.6,6,5,96,05:24 PM,05:44 AM,06:45 AM,06:10 PM,13,19,19,19,21,44,69,0.0,1018,19,10,84,17
27,16,0.0,11.6,6,6,96,05:24 PM,05:44 AM,06:45 AM,06:10 PM,13,21,21,21,21,43,59,0.0,1018,21,10,86,17
27,16,0.0,11.6,6,6,96,05:24 PM,05:44 AM,06:45 AM,06:10 PM,12,24,24,23,21,43,49,0.0,1017,23,10,89,18
27,16,0.0,11.6,6,7,96,05:24 PM,05:44 AM,06:45 AM,06:10 PM,11,26,26,25,21,42,40,0.0,1017,25,10,91,18
27,16,0.0,11.6,6,7,96,05:24 PM,05:44 AM,06:45 AM,06:10 PM,11,26,26,26,22,38,40,0.0,1016,26,10,92,19
27,16,0.0,11.6,6,7,96,05:24 PM,05:44 AM,06:45 AM,06:10 PM,11,26,26,26,22,34,39,0.0,1015,26,10,92,19
27,16,0.0,11.6,6,7,96,05:24 PM,05:44 AM,06:45 AM,06:10 PM,11,26,26,27,23,29,39,0.0,1014,27,10,93,20
27,16,0.0,11.6,6,7,96,05:24 PM,05:44 AM,06:45 AM,06:10 PM,13,26,26,26,19,27,45,0.0,1014,26,10,94,16
27,16,0.0,11.6,6,6,96,05:24 PM,05:44 AM,06:45 AM,06:10 PM,14,26,26,25,15,24,51,0.0,1014,24,10,95,11
27,16,0.0,11.6,6,6,96,05:24 PM,05:44 AM,06:45 AM,06:10 PM,15,25,25,24,11,21,57,0.0,1014,23,10,96,7
27,16,0.0,11.6,6,6,96,05:24 PM,05:44 AM,06:45 AM,06:10 PM,15,24,24,23,15,29,62,0.0,1015,22,10,99,9
27,16,0.0,11.6,6,6,96,05:24 PM,05:44 AM,06:45 AM,06:10 PM,15,21,22,21,18,36,67,0.0,1016,21,10,102,11
27,16,0.0,11.6,6,5,96,05:24 PM,05:44 AM,06:45 AM,06:10 PM,15,20,20,20,22,44,72,0.0,1016,20,10,105,13
27,16,0.0,11.6,6,1,96,05:24 PM,05:44 AM,06:45 AM,06:10 PM,15,20,20,20,22,33,74,0.0,1017,19,10,100,13
27,16,0.0,11.6,6,1,96,05:24 PM,05:44 AM,06:45 AM,06:10 PM,15,19,19,19,22,22,76,0.0,1017,19,10,95,14
27,16,0.0,11.6,6,1,96,05:24 PM,05:44 AM,06:45 AM,06:10 PM,15,19,19,19,23,12,78,0.0,1017,19,10,89,14
27,16,0.0,11.6,6,1,96,05:24 PM,05:44 AM,06:45 AM,06:10 PM,15,18,18,18,21,11,81,0.0,1017,18,10,93,13
27,16,0.0,11.6,6,1,96,05:24 PM,05:44 AM,06:45 AM,06:10 PM,15,18,18,18,20,10,83,0.0,1016,17,10,97,12
27,15,0.0,11.6,6,1,100,06:31 PM,06:46 AM,06:45 AM,06:10 PM,15,17,17,17,19,8,85,0.0,1016,17,10,100,11
27,15,0.0,11.6,6,1,100,06:31 PM,06:46 AM,06:45 AM,06:10 PM,15,17,17,17,15,11,89,0.0,1016,16,7,100,9
27,15,0.0,11.6,6,1,100,06:31 PM,06:46 AM,06:45 AM,06:10 PM,15,17,17,17,12,14,92,0.0,1016,16,5,99,7
27,15,0.0,11.6,6,1,100,06:31 PM,06:46 AM,06:45 AM,06:10 PM,16,16,16,16,8,17,96,0.0,1016,15,2,99,5
27,15,0.0,11.6,6,1,100,06:31 PM,06:46 AM,06:45 AM,06:10 PM,15,17,17,17,11,14,89,0.0,1017,17,5,94,8
27,15,0.0,11.6,6,1,100,06:31 PM,06:46 AM,06:45 AM,06:10 PM,15,19,19,19,13,10,82,0.0,1017,18,7,88,10
27,15,0.0,11.6,6,5,100,06:31 PM,06:46 AM,06:45 AM,06:10 PM,15,20,20,20,15,6,76,0.0,1017,19,10,83,13
27,15,0.0,11.6,6,6,100,06:31 PM,06:46 AM,06:45 AM,06:10 PM,14,22,22,22,16,10,66,0.0,1017,21,10,81,14
27,15,0.0,11.6,6,6,100,06:31 PM,06:46 AM,06:45 AM,06:10 PM,14,24,24,24,17,14,56,0.0,1017,24,10,79,15
27,15,0.0,11.6,6,7,100,06:31 PM,06:46 AM,06:45 AM,06:10 PM,13,26,26,26,18,18,46,0.0,1017,26,10,78,16
27,15,0.0,11.6,6,7,100,06:31 PM,06:46 AM,06:45 AM,06:10 PM,13,26,26,26,18,18,45,0.0,1016,26,10,86,16
27,15,0.0,11.6,6,7,100,06:31 PM,06:46 AM,06:45 AM,06:10 PM,13,27,27,26,19,17,44,0.0,1015,26,10,94,16
27,15,0.0,11.6,6,7,100,06:31 PM,06:46 AM,06:45 AM,06:10 PM,13,27,27,27,19,17,43,0.0,1014,27,10,102,16
27,15,0.0,11.6,6,7,100,06:31 PM,06:46 AM,06:45 AM,06:10 PM,14,26,26,26,15,21,50,0.0,1014,25,10,101,13
27,15,0.0,11.6,6,6,100,06:31 PM,06:46 AM,06:45 AM,06:10 PM,15,26,26,25,12,26,57,0.0,1015,24,10,100,9
27,15,0.0,11.6,6,6,100,06:31 PM,06:46 AM,06:45 AM,06:10 PM,16,25,25,23,9,31,63,0.0,1015,23,10,99,6
27,15,0.0,11.6,6,6,100,06:31 PM,06:46 AM,06:45 AM,06:10 PM,16,24,24,23,12,35,66,0.0,1015,22,10,99,8
27,15,0.0,11.6,6,6,100,06:31 PM,06:46 AM,06:45 AM,06:10 PM,16,22,22,22,15,40,68,0.0,1016,21,10,98,10
27,15,0.0,11.6,6,6,100,06:31 PM,06:46 AM,06:45 AM,06:10 PM,15,21,21,21,19,45,71,0.0,1017,21,10,98,12
27,15,0.0,11.6,6,1,100,06:31 PM,06:46 AM,06:45 AM,06:10 PM,15,20,20,20,19,38,73,0.0,1018,20,10,94,12
27,15,0.0,11.6,6,1,100,06:31 PM,06:46 AM,06:45 AM,06:10 PM,15,20,20,20,19,32,76,0.0,1018,19,10,89,12
27,15,0.0,11.6,6,1,100,06:31 PM,06:46 AM,06:45 AM,06:10 PM,15,19,19,19,19,25,78,0.0,1019,19,10,85,12
27,15,0.0,11.6,6,1,100,06:31 PM,06:46 AM,06:45 AM,06:10 PM,16,19,19,19,17,16,81,0.0,1019,18,10,81,12
27,15,0.0,11.6,6,1,100,06:31 PM,06:46 AM,06:45 AM,06:10 PM,16,19,19,19,15,8,83,0.0,1018,18,10,77,11
27,15,0.0,11.6,6,1,89,07:36 PM,07:42 AM,06:45 AM,06:11 PM,16,19,19,19,12,0,86,0.0,1018,17,10,74,10
27,15,0.0,11.6,6,1,89,07:36 PM,07:42 AM,06:45 AM,06:11 PM,16,18,18,18,12,1,89,0.0,1018,16,7,75,9
27,15,0.0,11.6,6,1,89,07:36 PM,07:42 AM,06:45 AM,06:11 PM,16,17,17,17,11,2,92,0.0,1018,15,5,76,8
27,15,0.0,11.6,6,1,89,07:36 PM,07:42 AM,06:45 AM,06:11 PM,16,17,17,17,11,3,95,0.0,1018,15,2,77,6
27,15,0.0,11.6,6,1,89,07:36 PM,07:42 AM,06:45 AM,06:11 PM,15,18,18,18,12,2,85,0.0,1018,16,5,72,8
27,15,0.0,11.6,6,1,89,07:36 PM,07:42 AM,06:45 AM,06:11 PM,14,19,19,19,13,1,75,0.0,1019,18,7,67,10
27,15,0.0,11.6,6,5,89,07:36 PM,07:42 AM,06:45 AM,06:11 PM,13,20,20,20,14,0,64,0.0,1019,19,10,62,12
27,15,0.0,11.6,6,6,89,07:36 PM,07:42 AM,06:45 AM,06:11 PM,12,22,22,22,16,1,55,0.0,1019,21,10,69,14
27,15,0.0,11.6,6,6,89,07:36 PM,07:42 AM,06:45 AM,06:11 PM,11,24,24,24,18,2,45,0.0,1019,23,10,75,15
27,15,0.0,11.6,6,7,89,07:36 PM,07:42 AM,06:45 AM,06:11 PM,9,25,25,25,19,3,36,0.0,1018,25,10,82,17
27,15,0.0,11.6,6,7,89,07:36 PM,07:42 AM,06:45 AM,06:11 PM,9,26,26,26,21,3,35,0.0,1017,26,10,85,18
27,15,0.0,11.6,6,7,89,07:36 PM,07:42 AM,06:45 AM,06:11 PM,9,26,26,26,23,4,33,0.0,1016,26,10,88,20
27,15,0.0,11.6,6,7,89,07:36 PM,07:42 AM,06:45 AM,06:11 PM,9,26,26,27,25,4,32,0.0,1016,27,10,91,22
27,15,0.0,11.6,6,7,89,07:36 PM,07:42 AM,06:45 AM,06:11 PM,10,26,26,26,21,6,38,0.0,1016,25,10,90,18
27,15,0.0,11.6,6,6,89,07:36 PM,07:42 AM,06:45 AM,06:11 PM,11,25,25,25,17,9,43,0.0,1016,24,10,89,13
27,15,0.0,11.6,6,6,89,07:36 PM,07:42 AM,06:45 AM,06:11 PM,12,25,25,23,14,11,49,0.0,1016,23,10,88,9
27,15,0.0,11.6,6,6,89,07:36 PM,07:42 AM,06:45 AM,06:11 PM,12,22,23,22,17,12,54,0.0,1017,22,10,87,11
27,15,0.0,11.6,6,6,89,07:36 PM,07:42 AM,06:45 AM,06:11 PM,12,20,21,20,21,14,58,0.0,1017,20,10,86,12
27,15,0.0,11.6,6,5,89,07:36 PM,07:42 AM,06:45 AM,06:11 PM,12,19,19,19,25,15,62,0.0,1018,19,10,85,13
27,15,0.0,11.6,6,1,89,07:36 PM,07:42 AM,06:45 AM,06:11 PM,12,19,19,19,21,10,66,0.0,1019,18,10,79,12
27,15,0.0,11.6,6,1,89,07:36 PM,07:42 AM,06:45 AM,06:11 PM,13,18,18,18,16,5,70,0.0,1019,17,10,73,10
27,15,0.0,11.6,6,1,89,07:36 PM,07:42 AM,06:45 AM,06:11 PM,13,18,18,18,12,0,73,0.0,1019,16,10,68,8
27,15,0.0,11.6,6,1,89,07:36 PM,07:42 AM,06:45 AM,06:11 PM,13,17,17,17,15,0,77,0.0,1019,16,10,70,9
27,15,0.0,11.6,6,1,89,07:36 PM,07:42 AM,06:45 AM,06:11 PM,13,17,17,17,18,0,80,0.0,1019,15,10,73,11
26,14,0.0,11.6,5,1,82,08:35 PM,08:31 AM,06:45 AM,06:11 PM,13,16,16,16,20,0,84,0.0,1019,15,10,76,12
26,14,0.0,11.6,5,1,82,08:35 PM,08:31 AM,06:45 AM,06:11 PM,13,15,15,15,18,5,88,0.0,1019,14,7,79,11
26,14,0.0,11.6,5,1,82,08:35 PM,08:31 AM,06:45 AM,06:11 PM,14,15,15,15,16,11,92,0.0,1019,14,5,82,9
26,14,0.0,11.6,5,1,82,08:35 PM,08:31 AM,06:45 AM,06:11 PM,14,14,15,14,14,16,95,0.0,1019,14,2,85,8
26,14,0.0,11.6,5,1,82,08:35 PM,08:31 AM,06:45 AM,06:11 PM,14,16,16,16,18,11,88,0.0,1019,15,5,86,12
26,14,0.0,11.6,5,1,82,08:35 PM,08:31 AM,06:45 AM,06:11 PM,14,17,17,17,22,5,80,0.0,1020,17,7,87,16
26,14,0.0,11.6,5,5,82,08:35 PM,08:31 AM,06:45 AM,06:11 PM,13,18,18,18,26,0,73,0.0,1020,18,10,89,20
26,14,0.0,11.6,5,6,82,08:35 PM,08:31 AM,06:45 AM,06:11 PM,13,20,21,20,26,4,63,0.0,1020,20,10,90,21
26,14,0.0,11.6,5,6,82,08:35 PM,08:31 AM,06:45 AM,06:11 PM,12,23,23,23,26,8,54,0.0,1019,23,10,91,22
26,14,0.0,11.6,5,6,82,08:35 PM,08:31 AM,06:45 AM,06:11 PM,12,25,25,25,27,12,45,0.0,1019,25,10,92,23
26,14,0.0,11.6,5,7,82,08:35 PM,08:31 AM,06:45 AM,06:11 PM,12,26,26,25,28,12,43,0.0,1018,25,10,91,24
26,14,0.0,11.6,5,7,82,08:35 PM,08:31 AM,06:45 AM,06:11 PM,12,26,26,26,29,12,42,0.0,1017,26,10,91,25
26,14,0.0,11.6,5,7,82,08:35 PM,08:31 AM,06:45 AM,06:11 PM,12,26,26,26,30,12,41,0.0,1017,26,10,91,26
26,14,0.0,11.6,5,6,82,08:35 PM,08:31 AM,06:45 AM,06:11 PM,12,26,26,25,24,12,44,0.0,1016,25,10,87,20
26,14,0.0,11.6,5,6,82,08:35 PM,08:31 AM,06:45 AM,06:11 PM,12,25,25,24,19,12,47,0.0,1016,24,10,82,15
26,14,0.0,11.6,5,6,82,08:35 PM,08:31 AM,06:45 AM,06:11 PM,13,25,25,23,13,12,51,0.0,1016,23,10,78,9
26,14,0.0,11.6,5,6,82,08:35 PM,08:31 AM,06:45 AM,06:11 PM,12,22,23,22,18,13,55,0.0,1017,21,10,77,11
26,14,0.0,11.6,5,6,82,08:35 PM,08:31 AM,06:45 AM,06:11 PM,12,20,21,20,22,14,58,0.0,1018,20,10,75,13
26,14,0.0,11.6,5,5,82,08:35 PM,08:31 AM,06:45 AM,06:11 PM,11,19,19,19,26,15,62,0.0,1019,19,10,74,14
26,14,0.0,11.6,5,1,82,08:35 PM,08:31 AM,06:45 AM,06:11 PM,12,18,18,18,24,11,68,0.0,1019,18,10,71,13
26,14,0.0,11.6,5,1,82,08:35 PM,08:31 AM,06:45 AM,06:11 PM,13,18,18,18,22,7,73,0.0,1019,17,10,69,12
26,14,0.0,11.6,5,1,82,08:35 PM,08:31 AM,06:45 AM,06:11 PM,13,17,17,17,19,4,79,0.0,1020,16,10,66,11
26,14,0.0,11.6,5,1,82,08:35 PM,08:31 AM,06:45 AM,06:11 PM,14,16,16,16,19,19,84,0.0,1020,16,7,68,11
26,14,0.0,11.6,5,1,82,08:35 PM,08:31 AM,06:45 AM,06:11 PM,14,16,16,16,19,34,90,0.0,1019,16,5,69,11
25,14,0.0,10.2,4,1,75,09:31 PM,09:17 AM,06:45 AM,06:12 PM,15,16,16,16,18,49,96,0.0,1019,15,2,71,10
25,14,0.0,10.2,4,1,75,09:31 PM,09:17 AM,06:45 AM,06:12 PM,15,15,15,15,15,66,97,0.0,1019,15,1,57,8
25,14,0.0,10.2,4,1,75,09:31 PM,09:17 AM,06:45 AM,06:12 PM,15,15,15,15,11,83,97,0.0,1019,15,1,44,6
25,14,0.0,10.2,4,1,75,09:31 PM,09:17 AM,06:45 AM,06:12 PM,15,15,15,15,8,100,98,0.0,1019,14,0,30,4
25,14,0.0,10.2,4,1,75,09:31 PM,09:17 AM,06:45 AM,06:12 PM,14,16,16,16,13,69,90,0.0,1019,16,3,47,9
25,14,0.0,10.2,4,1,75,09:31 PM,09:17 AM,06:45 AM,06:12 PM,14,18,17,18,18,39,82,0.0,1019,17,7,63,14
25,14,0.0,10.2,4,5,75,09:31 PM,09:17 AM,06:45 AM,06:12 PM,14,19,19,19,22,8,74,0.0,1020,19,10,80,18
25,14,0.0,10.2,4,5,75,09:31 PM,09:17 AM,06:45 AM,06:12 PM,14,20,21,20,23,27,69,0.0,1020,20,10,83,19
25,14,0.0,10.2,4,5,75,09:31 PM,09:17 AM,06:45 AM,06:12 PM,14,21,23,21,23,45,63,0.0,1019,21,10,86,20
25,14,0.0,10.2,4,5,75,09:31 PM,09:17 AM,06:45 AM,06:12 PM,14,25,25,22,24,63,58,0.0,1019,22,10,89,21
25,14,0.0,10.2,4,5,75,09:31 PM,09:17 AM,06:45 AM,06:12 PM,14,25,25,23,23,56,56,0.0,1018,23,10,91,20
25,14,0.0,10.2,4,6,75,09:31 PM,09:17 AM,06:45 AM,06:12 PM,14,25,25,24,22,49,53,0.0,1017,24,10,94,19
25,14,0.0,10.2,4,6,75,09:31 PM,09:17 AM,06:45 AM,06:12 PM,14,26,26,25,21,43,51,0.0,1017,25,10,97,18
25,14,0.0,10.2,4,6,75,09:31 PM,09:17 AM,06:45 AM,06:12 PM,14,25,25,24,17,36,53,0.0,1016,24,10,90,14
25,14,0.0,10.2,4,6,75,09:31 PM,09:17 AM,06:45 AM,06:12 PM,14,25,25,24,13,29,56,0.0,1016,23,10,83,10
25,14,0.0,10.2,4,6,75,09:31 PM,09:17 AM,06:45 AM,06:12 PM,15,25,25,23,9,22,58,0.0,1016,23,10,76,6
25,14,0.0,10.2,4,6,75,09:31 PM,09:17 AM,06:45 AM,06:12 PM,14,22,23,22,14,17,60,0.0,1017,22,10,80,9
25,14,0.0,10.2,4,6,75,09:31 PM,09:17 AM,06:45 AM,06:12 PM,14,21,22,21,18,13,61,0.0,1018,21,10,85,11
25,14,0.0,10.2,4,6,75,09:31 PM,09:17 AM,06:45 AM,06:12 PM,13,20,20,20,23,9,63,0.0,1019,20,10,89,14
25,14,0.0,10.2,4,1,75,09:31 PM,09:17 AM,06:45 AM,06:12 PM,13,19,19,19,24,6,67,0.0,1019,19,10,84,14
25,14,0.0,10.2,4,1,75,09:31 PM,09:17 AM,06:45 AM,06:12 PM,12,18,18,18,25,4,70,0.0,1019,18,10,78,14
25,14,0.0,10.2,4,1,75,09:31 PM,09:17 AM,06:45 AM,06:12 PM,12,17,17,17,26,2,74,0.0,1019,17,10,73,15
25,14,0.0,10.2,4,1,75,09:31 PM,09:17 AM,06:45 AM,06:12 PM,12,16,16,16,25,3,77,0.0,1019,16,10,72,14
25,14,0.0,10.2,4,1,75,09:31 PM,09:17 AM,06:45 AM,06:12 PM,13,16,16,16,24,5,80,0.0,1019,16,10,71,14
27,14,0.0,11.6,5,1,68,10:23 PM,09:58 AM,06:46 AM,06:12 PM,13,16,16,16,23,6,84,0.0,1019,15,10,70,14
27,14,0.0,11.6,5,1,68,10:23 PM,09:58 AM,06:46 AM,06:12 PM,13,15,15,15,19,10,87,0.0,1019,15,10,68,11
27,14,0.0,11.6,5,1,68,10:23 PM,09:58 AM,06:46 AM,06:12 PM,13,15,15,15,15,15,90,0.0,1019,14,10,66,9
27,14,0.0,11.6,5,1,68,10:23 PM,09:58 AM,06:46 AM,06:12 PM,14,15,15,15,11,19,93,0.0,1019,14,10,64,6
27,14,0.0,11.6,5,1,68,10:23 PM,09:58 AM,06:46 AM,06:12 PM,14,16,16,16,13,15,86,0.0,1019,15,10,69,9
27,14,0.0,11.6,5,1,68,10:23 PM,09:58 AM,06:46 AM,06:12 PM,14,17,17,17,15,12,80,0.0,1019,17,10,74,12
27,14,0.0,11.6,5,5,68,10:23 PM,09:58 AM,06:46 AM,06:12 PM,13,18,18,18,17,8,73,0.0,1020,18,10,79,14
27,14,0.0,11.6,5,6,68,10:23 PM,09:58 AM,06:46 AM,06:12 PM,13,21,21,21,19,8,62,0.0,1019,20,10,82,17
27,14,0.0,11.6,5,6,68,10:23 PM,09:58 AM,06:46 AM,06:12 PM,12,23,23,23,22,8,52,0.0,1019,23,10,84,19
27,14,0.0,11.6,5,6,68,10:23 PM,09:58 AM,06:46 AM,06:12 PM,11,25,25,25,24,8,41,0.0,1019,25,10,87,21
27,14,0.0,11.6,5,7,68,10:23 PM,09:58 AM,06:46 AM,06:12 PM,11,26,26,26,25,8,39,0.0,1018,26,10,89,22
27,14,0.0,11.6,5,7,68,10:23 PM,09:58 AM,06:46 AM,06:12 PM,11,26,26,26,26,8,38,0.0,1017,26,10,90,22
27,14,0.0,11.6,5,7,68,10:23 PM,09:58 AM,06:46 AM,06:12 PM,11,27,27,27,26,8,37,0.0,1016,27,10,92,23
27,14,0.0,11.6,5,7,68,10:23 PM,09:58 AM,06:46 AM,06:12 PM,12,26,26,26,23,16,42,0.0,1016,26,10,89,19
27,14,0.0,11.6,5,6,68,10:23 PM,09:58 AM,06:46 AM,06:12 PM,13,26,26,25,19,24,48,0.0,1016,24,10,86,15
27,14,0.0,11.6,5,6,68,10:23 PM,09:58 AM,06:46 AM,06:12 PM,13,25,25,24,16,32,53,0.0,1016,23,10,84,11
27,14,0.0,11.6,5,6,68,10:23 PM,09:58 AM,06:46 AM,06:12 PM,14,22,23,22,18,30,60,0.0,1017,22,10,85,12
27,14,0.0,11.6,5,6,68,10:23 PM,09:58 AM,06:46 AM,06:12 PM,14,21,21,21,21,28,67,0.0,1018,21,10,87,13
27,14,0.0,11.6,5,5,68,10:23 PM,09:58 AM,06:46 AM,06:12 PM,15,19,19,19,23,26,75,0.0,1018,19,10,89,14
27,14,0.0,11.6,5,1,68,10:23 PM,09:58 AM,06:46 AM,06:12 PM,15,19,19,19,20,23,79,0.0,1019,19,10,92,12
27,14,0.0,11.6,5,1,68,10:23 PM,09:58 AM,06:46 AM,06:12 PM,15,18,18,18,17,21,84,0.0,1019,18,10,95,10
27,14,0.0,11.6,5,1,68,10:23 PM,09:58 AM,06:46 AM,06:12 PM,16,18,18,18,14,18,89,0.0,1019,17,10,98,8
27,14,0.0,11.6,5,1,68,10:23 PM,09:58 AM,06:46 AM,06:12 PM,16,17,17,17,15,24,91,0.0,1019,17,7,92,9
27,14,0.0,11.6,5,1,68,10:23 PM,09:58 AM,06:46 AM,06:12 PM,16,17,17,17,15,30,93,0.0,1018,17,5,86,9
27,15,0.0,11.6,5,1,60,11:15 PM,10:38 AM,06:46 AM,06:13 PM,16,17,17,17,16,37,94,0.0,1018,16,2,80,9
27,15,0.0,11.6,5,1,60,11:15 PM,10:38 AM,06:46 AM,06:13 PM,15,16,16,16,15,36,95,0.0,1018,16,2,82,9
27,15,0.0,11.6,5,1,60,11:15 PM,10:38 AM,06:46 AM,06:13 PM,15,16,16,16,14,36,96,0.0,1018,15,2,85,8
27,15,0.0,11.6,5,1,60,11:15 PM,10:38 AM,06:46 AM,06:13 PM,15,16,16,16,13,35,97,0.0,1019,15,2,87,7
27,15,0.0,11.6,5,1,60,11:15 PM,10:38 AM,06:46 AM,06:13 PM,15,17,17,17,13,25,90,0.0,1019,16,5,91,9
27,15,0.0,11.6,5,1,60,11:15 PM,10:38 AM,06:46 AM,06:13 PM,15,18,18,18,14,15,83,0.0,1020,17,7,94,11
27,15,0.0,11.6,5,5,60,11:15 PM,10:38 AM,06:46 AM,06:13 PM,15,19,19,19,15,5,76,0.0,1020,19,10,98,13
27,15,0.0,11.6,5,6,60,11:15 PM,10:38 AM,06:46 AM,06:13 PM,14,21,21,21,15,7,65,0.0,1019,21,10,96,13
27,15,0.0,11.6,5,6,60,11:15 PM,10:38 AM,06:46 AM,06:13 PM,13,24,24,23,14,8,53,0.0,1019,23,10,94,12
27,15,0.0,11.6,5,7,60,11:15 PM,10:38 AM,06:46 AM,06:13 PM,12,26,26,26,14,10,42,0.0,1018,25,10,93,12
27,15,0.0,11.6,5,7,60,11:15 PM,10:38 AM,06:46 AM,06:13 PM,11,26,26,26,17,8,39,0.0,1017,26,10,95,14
27,15,0.0,11.6,5,7,60,11:15 PM,10:38 AM,06:46 AM,06:13 PM,10,26,26,27,19,7,36,0.0,1016,26,10,98,17
27,15,0.0,11.6,5,7,60,11:15 PM,10:38 AM,06:46 AM,06:13 PM,10,26,26,27,22,5,33,0.0,1015,27,10,100,19
27,15,0.0,11.6,5,7,60,11:15 PM,10:38 AM,06:46 AM,06:13 PM,10,26,26,26,18,5,37,0.0,1015,26,10,97,15
27,15,0.0,11.6,5,6,60,11:15 PM,10:38 AM,06:46 AM,06:13 PM,11,26,26,25,14,6,41,0.0,1015,25,10,93,11
27,15,0.0,11.6,5,6,60,11:15 PM,10:38 AM,06:46 AM,06:13 PM,12,25,25,25,10,6,45,0.0,1015,24,10,90,7
27,15,0.0,11.6,5,6,60,11:15 PM,10:38 AM,06:46 AM,06:13 PM,12,23,23,23,14,6,51,0.0,1016,22,10,93,9
27,15,0.0,11.6,5,6,60,11:15 PM,10:38 AM,06:46 AM,06:13 PM,12,21,21,21,19,6,56,0.0,1016,21,10,96,11
27,15,0.0,11.6,5,5,60,11:15 PM,10:38 AM,06:46 AM,06:13 PM,12,19,19,19,23,6,62,0.0,1017,19,10,99,12
27,15,0.0,11.6,5,1,60,11:15 PM,10:38 AM,06:46 AM,06:13 PM,13,19,19,19,20,4,68,0.0,1017,18,10,92,11
27,15,0.0,11.6,5,1,60,11:15 PM,10:38 AM,06:46 AM,06:13 PM,14,19,19,19,16,2,74,0.0,1018,17,10,84,9
27,15,0.0,11.6,5,1,60,11:15 PM,10:38 AM,06:46 AM,06:13 PM,15,18,18,18,12,0,80,0.0,1018,16,10,77,8
27,15,0.0,11.6,5,1,60,11:15 PM,10:38 AM,06:46 AM,06:13 PM,15,17,17,17,14,6,85,0.0,1018,16,7,84,8
27,15,0.0,11.6,5,1,60,11:15 PM,10:38 AM,06:46 AM,06:13 PM,14,16,16,16,15,13,90,0.0,1018,15,5,91,8
27,13,0.0,11.6,4,1,53,No moonrise,11:17 AM,06:46 AM,06:13 PM,14,15,15,15,17,19,94,0.0,1018,15,2,98,9
27,13,0.0,11.6,4,1,53,No moonrise,11:17 AM,06:46 AM,06:13 PM,14,15,15,15,16,22,95,0.0,1018,14,2,85,8
27,13,0.0,11.6,4,1,53,No moonrise,11:17 AM,06:46 AM,06:13 PM,14,14,14,14,15,24,96,0.0,1017,14,2,73,7
27,13,0.0,11.6,4,1,53,No moonrise,11:17 AM,06:46 AM,06:13 PM,13,14,14,14,14,27,97,0.0,1017,13,2,60,7
27,13,0.0,11.6,4,1,53,No moonrise,11:17 AM,06:46 AM,06:13 PM,14,16,16,16,12,18,88,0.0,1018,15,5,67,7
27,13,0.0,11.6,4,1,53,No moonrise,11:17 AM,06:46 AM,06:13 PM,14,18,18,18,11,9,80,0.0,1018,16,7,74,8
27,13,0.0,11.6,4,5,53,No moonrise,11:17 AM,06:46 AM,06:13 PM,15,20,20,20,9,0,71,0.0,1019,18,10,82,8
27,13,0.0,11.6,4,6,53,No moonrise,11:17 AM,06:46 AM,06:13 PM,14,22,22,22,11,1,60,0.0,1018,20,10,85,10
27,13,0.0,11.6,4,6,53,No moonrise,11:17 AM,06:46 AM,06:13 PM,12,24,24,24,14,2,49,0.0,1018,23,10,89,12
27,13,0.0,11.6,4,7,53,No moonrise,11:17 AM,06:46 AM,06:13 PM,11,26,26,26,16,3,38,0.0,1017,26,10,92,14
27,13,0.0,11.6,4,7,53,No moonrise,11:17 AM,06:46 AM,06:13 PM,10,26,26,26,18,4,36,0.0,1016,26,10,95,16
27,13,0.0,11.6,4,7,53,No moonrise,11:17 AM,06:46 AM,06:13 PM,10,26,26,27,21,4,34,0.0,1015,27,10,97,18
27,13,0.0,11.6,4,7,53,No moonrise,11:17 AM,06:46 AM,06:13 PM,10,27,27,27,24,5,33,0.0,1014,27,10,100,21
27,13,0.0,11.6,4,7,53,No moonrise,11:17 AM,06:46 AM,06:13 PM,11,26,26,26,20,7,38,0.0,1014,26,10,99,17
27,13,0.0,11.6,4,7,53,No moonrise,11:17 AM,06:46 AM,06:13 PM,12,26,26,25,16,10,43,0.0,1014,25,10,99,13
27,13,0.0,11.6,4,6,53,No moonrise,11:17 AM,06:46 AM,06:13 PM,13,25,25,24,13,13,48,0.0,1014,24,10,98,9
27,13,0.0,11.6,4,6,53,No moonrise,11:17 AM,06:46 AM,06:13 PM,13,23,23,23,16,14,55,0.0,1014,22,10,99,10
27,13,0.0,11.6,4,6,53,No moonrise,11:17 AM,06:46 AM,06:13 PM,13,21,22,21,19,16,61,0.0,1015,21,10,101,11
27,13,0.0,11.6,4,5,53,No moonrise,11:17 AM,06:46 AM,06:13 PM,14,20,20,20,22,17,68,0.0,1016,19,10,102,12
27,13,0.0,11.6,4,1,53,No moonrise,11:17 AM,06:46 AM,06:13 PM,14,19,19,19,20,13,73,0.0,1016,19,10,100,11
27,13,0.0,11.6,4,1,53,No moonrise,11:17 AM,06:46 AM,06:13 PM,14,18,18,18,18,8,78,0.0,1016,18,10,97,10
27,13,0.0,11.6,4,1,53,No moonrise,11:17 AM,06:46 AM,06:13 PM,15,18,18,18,16,3,83,0.0,1016,17,10,95,10
27,13,0.0,11.6,4,1,53,No moonrise,11:17 AM,06:46 AM,06:13 PM,15,17,17,17,16,6,85,0.0,1016,16,10,99,9
27,13,0.0,11.6,4,1,53,No moonrise,11:17 AM,06:46 AM,06:13 PM,14,16,16,16,16,8,88,0.0,1016,16,10,103,9
27,13,0.0,11.6,5,1,46,12:05 AM,11:57 AM,06:46 AM,06:14 PM,14,16,16,16,16,10,91,0.0,1015,15,10,107,9
27,13,0.0,11.6,5,1,46,12:05 AM,11:57 AM,06:46 AM,06:14 PM,14,15,15,15,15,9,93,0.0,1015,14,7,89,8
27,13,0.0,11.6,5,1,46,12:05 AM,11:57 AM,06:46 AM,06:14 PM,14,15,15,15,13,7,94,0.0,1016,13,5,72,7
27,13,0.0,11.6,5,1,46,12:05 AM,11:57 AM,06:46 AM,06:14 PM,13,14,14,14,12,6,95,0.0,1016,13,2,54,6
27,13,0.0,11.6,5,1,46,12:05 AM,11:57 AM,06:46 AM,06:14 PM,13,16,16,16,10,4,84,0.0,1016,14,5,61,6
27,13,0.0,11.6,5,1,46,12:05 AM,11:57 AM,06:46 AM,06:14 PM,13,18,18,18,9,2,73,0.0,1017,16,7,69,6
27,13,0.0,11.6,5,5,46,12:05 AM,11:57 AM,06:46 AM,06:14 PM,13,21,21,21,7,0,62,0.0,1018,17,10,76,6
27,13,0.0,11.6,5,5,46,12:05 AM,11:57 AM,06:46 AM,06:14 PM,11,23,23,23,8,0,51,0.0,1017,20,10,80,7
27,13,0.0,11.6,5,6,46,12:05 AM,11:57 AM,06:46 AM,06:14 PM,9,25,25,25,8,0,39,0.0,1017,22,10,84,7
27,13,0.0,11.6,5,7,46,12:05 AM,11:57 AM,06:46 AM,06:14 PM,8,27,27,28,8,0,28,0.0,1016,25,10,88,7
27,13,0.0,11.6,5,7,46,12:05 AM,11:57 AM,06:46 AM,06:14 PM,8,27,27,28,10,1,28,0.0,1015,26,10,92,9
27,13,0.0,11.6,5,7,46,12:05 AM,11:57 AM,06:46 AM,06:14 PM,7,27,27,28,12,2,27,0.0,1014,27,10,96,10
27,13,0.0,11.6,5,7,46,12:05 AM,11:57 AM,06:46 AM,06:14 PM,7,27,27,28,13,2,27,0.0,1013,27,10,100,12
27,13,0.0,11.6,5,7,46,12:05 AM,11:57 AM,06:46 AM,06:14 PM,9,26,26,27,13,7,32,0.0,1013,26,10,100,11
27,13,0.0,11.6,5,7,46,12:05 AM,11:57 AM,06:46 AM,06:14 PM,10,26,26,26,13,11,37,0.0,1013,25,10,99,10
27,13,0.0,11.6,5,6,46,12:05 AM,11:57 AM,06:46 AM,06:14 PM,11,25,25,24,14,15,43,0.0,1013,24,10,99,9
27,13,0.0,11.6,5,6,46,12:05 AM,11:57 AM,06:46 AM,06:14 PM,11,23,23,23,15,18,50,0.0,1014,22,10,96,10
27,13,0.0,11.6,5,6,46,12:05 AM,11:57 AM,06:46 AM,06:14 PM,12,21,21,21,17,21,57,0.0,1015,21,10,93,10
27,13,0.0,11.6,5,5,46,12:05 AM,11:57 AM,06:46 AM,06:14 PM,12,19,19,19,19,24,64,0.0,1016,19,10,89,10
27,13,0.0,11.6,5,1,46,12:05 AM,11:57 AM,06:46 AM,06:14 PM,13,19,19,19,19,20,67,0.0,1016,19,10,84,11
27,13,0.0,11.6,5,1,46,12:05 AM,11:57 AM,06:46 AM,06:14 PM,13,19,19,19,19,16,70,0.0,1016,18,10,78,11
27,13,0.0,11.6,5,1,46,12:05 AM,11:57 AM,06:46 AM,06:14 PM,14,19,19,19,19,12,73,0.0,1016,18,10,73,12
27,13,0.0,11.6,5,1,46,12:05 AM,11:57 AM,06:46 AM,06:14 PM,14,18,18,18,18,9,78,0.0,1016,17,10,79,11
27,13,0.0,11.6,5,1,46,12:05 AM,11:57 AM,06:46 AM,06:14 PM,15,18,18,18,16,7,83,0.0,1015,17,10,85,10
28,15,0.0,11.6,6,1,38,12:55 AM,12:38 PM,06:46 AM,06:14 PM,15,17,17,17,15,4,89,0.0,1015,16,10,92,9
28,15,0.0,11.6,6,1,38,12:55 AM,12:38 PM,06:46 AM,06:14 PM,15,16,16,16,16,8,91,0.0,1015,15,7,92,9
28,15,0.0,11.6,6,1,38,12:55 AM,12:38 PM,06:46 AM,06:14 PM,15,16,16,16,17,11,93,0.0,1015,15,5,92,9
28,15,0.0,11.6,6,1,38,12:55 AM,12:38 PM,06:46 AM,06:14 PM,14,15,15,15,17,15,95,0.0,1015,15,2,92,9
28,15,0.0,11.6,6,1,38,12:55 AM,12:38 PM,06:46 AM,06:14 PM,15,17,18,17,14,10,87,0.0,1016,16,5,95,8
28,15,0.0,11.6,6,1,38,12:55 AM,12:38 PM,06:46 AM,06:14 PM,15,20,21,20,11,5,78,0.0,1016,17,7,98,8
28,15,0.0,11.6,6,5,38,12:55 AM,12:38 PM,06:46 AM,06:14 PM,16,22,25,22,8,0,69,0.0,1017,19,10,101,7
28,15,0.0,11.6,6,6,38,12:55 AM,12:38 PM,06:46 AM,06:14 PM,13,24,25,24,9,0,55,0.0,1016,21,10,102,8
28,15,0.0,11.6,6,6,38,12:55 AM,12:38 PM,06:46 AM,06:14 PM,10,26,26,26,10,0,41,0.0,1016,24,10,103,8
28,15,0.0,11.6,6,7,38,12:55 AM,12:38 PM,06:46 AM,06:14 PM,7,27,27,28,10,0,26,0.0,1015,26,10,104,9
28,15,0.0,11.6,6,7,38,12:55 AM,12:38 PM,06:46 AM,06:14 PM,6,27,27,28,14,0,24,0.0,1014,27,10,105,12
28,15,0.0,11.6,6,7,38,12:55 AM,12:38 PM,06:46 AM,06:14 PM,5,27,27,28,17,0,22,0.0,1013,28,10,105,15
28,15,0.0,11.6,6,7,38,12:55 AM,12:38 PM,06:46 AM,06:14 PM,3,26,26,28,20,0,20,0.0,1012,28,10,106,17
28,15,0.0,11.6,6,7,38,12:55 AM,12:38 PM,06:46 AM,06:14 PM,5,26,26,27,17,1,24,0.0,1012,27,10,102,14
28,15,0.0,11.6,6,7,38,12:55 AM,12:38 PM,06:46 AM,06:14 PM,7,26,26,27,14,1,28,0.0,1011,26,10,98,11
28,15,0.0,11.6,6,6,38,12:55 AM,12:38 PM,06:46 AM,06:14 PM,8,25,25,26,12,2,32,0.0,1011,24,10,94,8
28,15,0.0,11.6,6,6,38,12:55 AM,12:38 PM,06:46 AM,06:14 PM,8,24,24,24,16,3,38,0.0,1012,23,10,96,9
28,15,0.0,11.6,6,6,38,12:55 AM,12:38 PM,06:46 AM,06:14 PM,9,22,22,22,20,3,44,0.0,1013,21,10,99,10
28,15,0.0,11.6,6,5,38,12:55 AM,12:38 PM,06:46 AM,06:14 PM,9,20,20,20,24,4,50,0.0,1015,19,10,102,12
28,15,0.0,11.6,6,1,38,12:55 AM,12:38 PM,06:46 AM,06:14 PM,10,19,19,19,23,3,57,0.0,1015,19,10,98,12
28,15,0.0,11.6,6,1,38,12:55 AM,12:38 PM,06:46 AM,06:14 PM,11,18,18,18,22,1,64,0.0,1016,18,10,94,12
28,15,0.0,11.6,6,1,38,12:55 AM,12:38 PM,06:46 AM,06:14 PM,12,18,18,18,20,0,71,0.0,1016,17,10,91,12
28,15,0.0,11.6,6,1,38,12:55 AM,12:38 PM,06:46 AM,06:14 PM,13,17,17,17,19,1,77,0.0,1016,16,10,91,11
28,15,0.0,11.6,6,1,38,12:55 AM,12:38 PM,06:46 AM,06:14 PM,14,17,17,17,17,2,83,0.0,1015,16,10,91,10
28,13,0.0,11.6,6,1,31,01:47 AM,01:22 PM,06:46 AM,06:15 PM,14,16,16,16,15,4,89,0.0,1015,15,10,91,9
28,13,0.0,11.6,6,1,31,01:47 AM,01:22 PM,06:46 AM,06:15 PM,15,16,16,16,13,2,91,0.0,1015,14,7,81,8
28,13,0.0,11.6,6,1,31,01:47 AM,01:22 PM,06:46 AM,06:15 PM,15,17,17,17,10,1,92,0.0,1015,14,5,71,7
28,13,0.0,11.6,6,1,31,01:47 AM,01:22 PM,06:46 AM,06:15 PM,16,17,17,17,7,0,94,0.0,1016,13,2,61,5
28,13,0.0,11.6,6,1,31,01:47 AM,01:22 PM,06:46 AM,06:15 PM,14,18,18,18,9,0,81,0.0,1016,14,5,71,7
28,13,0.0,11.6,6,1,31,01:47 AM,01:22 PM,06:46 AM,06:15 PM,12,19,19,19,10,0,67,0.0,1017,16,7,80,9
28,13,0.0,11.6,6,5,31,01:47 AM,01:22 PM,06:46 AM,06:15 PM,10,20,20,20,12,0,54,0.0,1017,18,10,90,10
28,13,0.0,11.6,6,6,31,01:47 AM,01:22 PM,06:46 AM,06:15 PM,8,22,22,22,13,0,44,0.0,1017,21,10,88,11
28,13,0.0,11.6,6,6,31,01:47 AM,01:22 PM,06:46 AM,06:15 PM,6,24,24,25,14,0,33,0.0,1016,23,10,86,12
28,13,0.0,11.6,6,7,31,01:47 AM,01:22 PM,06:46 AM,06:15 PM,4,26,26,27,15,0,23,0.0,1015,26,10,84,13
28,13,0.0,11.6,6,7,31,01:47 AM,01:22 PM,06:46 AM,06:15 PM,5,26,26,28,16,0,23,0.0,1014,27,10,88,14
28,13,0.0,11.6,6,7,31,01:47 AM,01:22 PM,06:46 AM,06:15 PM,5,26,26,28,17,0,23,0.0,1013,28,10,93,15
28,13,0.0,11.6,6,7,31,01:47 AM,01:22 PM,06:46 AM,06:15 PM,5,27,27,29,19,0,23,0.0,1012,28,10,97,16
28,13,0.0,11.6,6,7,31,01:47 AM,01:22 PM,06:46 AM,06:15 PM,7,26,26,27,17,2,28,0.0,1012,27,10,96,14
28,13,0.0,11.6,6,7,31,01:47 AM,01:22 PM,06:46 AM,06:15 PM,8,26,26,26,16,5,33,0.0,1012,26,10,95,12
28,13,0.0,11.6,6,6,31,01:47 AM,01:22 PM,06:46 AM,06:15 PM,10,25,25,25,15,7,38,0.0,1012,25,10,94,10
28,13,0.0,11.6,6,6,31,01:47 AM,01:22 PM,06:46 AM,06:15 PM,11,24,24,23,18,15,47,0.0,1013,23,10,95,11
28,13,0.0,11.6,6,6,31,01:47 AM,01:22 PM,06:46 AM,06:15 PM,12,22,22,22,21,22,55,0.0,1014,21,10,96,12
28,13,0.0,11.6,6,5,31,01:47 AM,01:22 PM,06:46 AM,06:15 PM,13,20,20,20,24,29,63,0.0,1015,20,10,97,13
28,13,0.0,11.6,6,1,31,01:47 AM,01:22 PM,06:46 AM,06:15 PM,13,19,19,19,23,19,70,0.0,1015,19,10,100,13
28,13,0.0,11.6,6,1,31,01:47 AM,01:22 PM,06:46 AM,06:15 PM,14,18,18,18,21,10,77,0.0,1016,18,10,103,13
28,13,0.0,11.6,6,1,31,01:47 AM,01:22 PM,06:46 AM,06:15 PM,15,18,18,18,20,0,84,0.0,1016,17,10,106,13
28,13,0.0,11.6,6,1,31,01:47 AM,01:22 PM,06:46 AM,06:15 PM,15,17,17,17,18,8,88,0.0,1016,16,7,101,11
28,13,0.0,11.6,6,1,31,01:47 AM,01:22 PM,06:46 AM,06:15 PM,15,16,16,16,15,16,92,0.0,1015,16,5,96,9
30,12,0.0,11.6,5,1,24,02:38 AM,02:09 PM,06:46 AM,06:15 PM,15,15,15,15,13,24,97,0.0,1015,15,2,90,7
30,12,0.0,11.6,5,1,24,02:38 AM,02:09 PM,06:46 AM,06:15 PM,15,16,16,16,11,16,96,0.0,1015,14,2,72,6
30,12,0.0,11.6,5,1,24,02:38 AM,02:09 PM,06:46 AM,06:15 PM,15,16,16,16,8,8,95,0.0,1015,13,2,54,4
30,12,0.0,11.6,5,1,24,02:38 AM,02:09 PM,06:46 AM,06:15 PM,15,16,16,16,5,0,94,0.0,1015,12,2,35,3
30,12,0.0,11.6,5,1,24,02:38 AM,02:09 PM,06:46 AM,06:15 PM,15,18,19,18,5,0,81,0.0,1016,14,5,33,3
30,12,0.0,11.6,5,1,24,02:38 AM,02:09 PM,06:46 AM,06:15 PM,14,21,22,21,5,0,69,0.0,1016,16,7,31,3
30,12,0.0,11.6,5,5,24,02:38 AM,02:09 PM,06:46 AM,06:15 PM,14,23,25,23,4,0,56,0.0,1017,18,10,29,4
30,12,0.0,11.6,5,6,24,02:38 AM,02:09 PM,06:46 AM,06:15 PM,11,25,25,25,7,0,46,0.0,1016,21,10,42,6
30,12,0.0,11.6,5,6,24,02:38 AM,02:09 PM,06:46 AM,06:15 PM,9,26,26,27,10,0,36,0.0,1016,24,10,55,8
30,12,0.0,11.6,5,7,24,02:38 AM,02:09 PM,06:46 AM,06:15 PM,7,27,27,28,12,0,25,0.0,1015,27,10,68,11
30,12,0.0,11.6,5,7,24,02:38 AM,02:09 PM,06:46 AM,06:15 PM,6,27,27,29,13,0,24,0.0,1014,28,10,79,11
30,12,0.0,11.6,5,7,24,02:38 AM,02:09 PM,06:46 AM,06:15 PM,6,28,28,30,14,0,22,0.0,1013,29,10,91,12
30,12,0.0,11.6,5,7,24,02:38 AM,02:09 PM,06:46 AM,06:15 PM,5,28,28,31,14,0,20,0.0,1012,30,10,102,12
30,12,0.0,11.6,5,7,24,02:38 AM,02:09 PM,06:46 AM,06:15 PM,6,27,27,29,14,0,24,0.0,1012,28,10,108,12
30,12,0.0,11.6,5,7,24,02:38 AM,02:09 PM,06:46 AM,06:15 PM,7,27,27,28,14,0,27,0.0,1012,27,10,113,11
30,12,0.0,11.6,5,7,24,02:38 AM,02:09 PM,06:46 AM,06:15 PM,8,26,26,27,14,0,30,0.0,1012,25,10,119,11
30,12,0.0,11.6,5,6,24,02:38 AM,02:09 PM,06:46 AM,06:15 PM,8,24,24,25,17,1,36,0.0,1013,23,10,118,11
30,12,0.0,11.6,5,6,24,02:38 AM,02:09 PM,06:46 AM,06:15 PM,8,22,22,22,19,1,42,0.0,1014,21,10,117,11
30,12,0.0,11.6,5,5,24,02:38 AM,02:09 PM,06:46 AM,06:15 PM,9,20,20,20,21,2,48,0.0,1015,19,10,117,12
30,12,0.0,11.6,5,1,24,02:38 AM,02:09 PM,06:46 AM,06:15 PM,10,19,19,19,20,1,54,0.0,1015,18,10,119,11
30,12,0.0,11.6,5,1,24,02:38 AM,02:09 PM,06:46 AM,06:15 PM,11,19,19,19,19,1,61,0.0,1015,17,10,121,10
30,12,0.0,11.6,5,1,24,02:38 AM,02:09 PM,06:46 AM,06:15 PM,12,18,18,18,18,0,67,0.0,1016,16,10,123,10
30,12,0.0,11.6,5,1,24,02:38 AM,02:09 PM,06:46 AM,06:15 PM,13,18,18,18,15,0,73,0.0,1015,16,10,119,9
30,12,0.0,11.6,5,1,24,02:38 AM,02:09 PM,06:46 AM,06:15 PM,14,18,18,18,13,0,79,0.0,1015,15,10,116,8
29,13,0.0,11.6,6,1,17,03:30 AM,02:59 PM,06:46 AM,06:16 PM,15,18,18,18,11,0,85,0.0,1015,14,10,113,7
29,13,0.0,11.6,6,1,17,03:30 AM,02:59 PM,06:46 AM,06:16 PM,15,17,17,17,11,0,88,0.0,1015,14,10,109,7
29,13,0.0,11.6,6,1,17,03:30 AM,02:59 PM,06:46 AM,06:16 PM,15,17,17,17,11,0,90,0.0,1015,13,10,106,7
29,13,0.0,11.6,6,1,17,03:30 AM,02:59 PM,06:46 AM,06:16 PM,15,16,16,16,11,0,92,0.0,1015,13,10,102,7
29,13,0.0,11.6,6,1,17,03:30 AM,02:59 PM,06:46 AM,06:16 PM,15,18,19,18,9,0,83,0.0,1015,15,10,103,6
29,13,0.0,11.6,6,1,17,03:30 AM,02:59 PM,06:46 AM,06:16 PM,15,20,22,20,8,0,73,0.0,1016,17,10,103,6
29,13,0.0,11.6,6,5,17,03:30 AM,02:59 PM,06:46 AM,06:16 PM,15,22,25,22,6,0,64,0.0,1016,19,10,104,5
29,13,0.0,11.6,6,6,17,03:30 AM,02:59 PM,06:46 AM,06:16 PM,13,24,25,24,8,0,52,0.0,1016,21,10,97,7
29,13,0.0,11.6,6,6,17,03:30 AM,02:59 PM,06:46 AM,06:16 PM,11,26,26,26,11,0,41,0.0,1015,24,10,90,10
29,13,0.0,11.6,6,7,17,03:30 AM,02:59 PM,06:46 AM,06:16 PM,9,27,27,28,14,0,30,0.0,1014,27,10,82,12
29,13,0.0,11.6,6,7,17,03:30 AM,02:59 PM,06:46 AM,06:16 PM,8,27,27,29,14,0,28,0.0,1013,28,10,86,12
29,13,0.0,11.6,6,7,17,03:30 AM,02:59 PM,06:46 AM,06:16 PM,8,28,28,30,14,0,26,0.0,1012,28,10,89,12
29,13,0.0,11.6,6,7,17,03:30 AM,02:59 PM,06:46 AM,06:16 PM,7,28,28,30,14,0,24,0.0,1011,29,10,92,12
29,13,0.0,11.6,6,7,17,03:30 AM,02:59 PM,06:46 AM,06:16 PM,8,28,28,29,13,1,27,0.0,1011,28,10,96,11
29,13,0.0,11.6,6,7,17,03:30 AM,02:59 PM,06:46 AM,06:16 PM,9,27,27,28,12,1,30,0.0,1011,27,10,99,10
29,13,0.0,11.6,6,7,17,03:30 AM,02:59 PM,06:46 AM,06:16 PM,10,27,27,27,11,2,33,0.0,1010,26,10,102,9
29,13,0.0,11.6,6,6,17,03:30 AM,02:59 PM,06:46 AM,06:16 PM,10,25,25,25,14,3,40,0.0,1011,24,10,102,10
29,13,0.0,11.6,6,6,17,03:30 AM,02:59 PM,06:46 AM,06:16 PM,10,23,22,23,17,3,47,0.0,1012,21,10,103,10
29,13,0.0,11.6,6,5,17,03:30 AM,02:59 PM,06:46 AM,06:16 PM,10,20,20,20,20,4,53,0.0,1013,19,10,103,10
29,13,0.0,11.6,6,1,17,03:30 AM,02:59 PM,06:46 AM,06:16 PM,11,20,20,20,19,3,60,0.0,1013,19,10,98,10
29,13,0.0,11.6,6,1,17,03:30 AM,02:59 PM,06:46 AM,06:16 PM,12,19,19,19,18,1,66,0.0,1014,18,10,93,10
29,13,0.0,11.6,6,1,17,03:30 AM,02:59 PM,06:46 AM,06:16 PM,13,18,18,18,16,0,73,0.0,1014,17,10,88,9
29,13,0.0,11.6,6,1,17,03:30 AM,02:59 PM,06:46 AM,06:16 PM,14,18,18,18,15,0,77,0.0,1014,16,10,93,9
29,13,0.0,11.6,6,1,17,03:30 AM,02:59 PM,06:46 AM,06:16 PM,15,18,18,18,13,0,81,0.0,1014,16,10,98,8
30,14,0.0,11.6,6,1,9,04:21 AM,03:50 PM,06:46 AM,06:16 PM,16,18,18,18,11,0,86,0.0,1013,15,10,103,8
30,14,0.0,11.6,6,1,9,04:21 AM,03:50 PM,06:46 AM,06:16 PM,16,18,18,18,10,0,88,0.0,1013,15,10,90,7
30,14,0.0,11.6,6,1,9,04:21 AM,03:50 PM,06:46 AM,06:16 PM,16,18,18,18,10,0,90,0.0,1013,14,10,77,6
30,14,0.0,11.6,6,1,9,04:21 AM,03:50 PM,06:46 AM,06:16 PM,17,18,18,18,9,0,93,0.0,1013,14,10,64,5
30,14,0.0,11.6,6,1,9,04:21 AM,03:50 PM,06:46 AM,06:16 PM,16,20,20,20,7,0,82,0.0,1013,16,10,64,5
30,14,0.0,11.6,6,1,9,04:21 AM,03:50 PM,06:46 AM,06:16 PM,16,22,23,22,5,0,72,0.0,1014,18,10,65,4
30,14,0.0,11.6,6,5,9,04:21 AM,03:50 PM,06:46 AM,06:16 PM,16,24,25,24,4,0,62,0.0,1014,19,10,65,3
30,14,0.0,11.6,6,6,9,04:21 AM,03:50 PM,06:46 AM,06:16 PM,13,26,26,26,6,0,50,0.0,1014,22,10,53,6
30,14,0.0,11.6,6,6,9,04:21 AM,03:50 PM,06:46 AM,06:16 PM,11,27,27,27,9,0,38,0.0,1014,25,10,41,8
30,14,0.0,11.6,6,7,9,04:21 AM,03:50 PM,06:46 AM,06:16 PM,8,28,28,29,12,0,27,0.0,1013,28,10,28,10
30,14,0.0,11.6,6,7,9,04:21 AM,03:50 PM,06:46 AM,06:16 PM,7,28,28,30,12,0,24,0.0,1012,28,10,38,10
30,14,0.0,11.6,6,7,9,04:21 AM,03:50 PM,06:46 AM,06:16 PM,7,29,29,31,12,0,22,0.0,1011,29,10,48,11
30,14,0.0,11.6,6,8,9,04:21 AM,03:50 PM,06:46 AM,06:16 PM,6,29,29,31,12,0,20,0.0,1010,30,10,58,11
30,14,0.0,11.6,6,7,9,04:21 AM,03:50 PM,06:46 AM,06:16 PM,6,28,28,30,12,0,22,0.0,1010,29,10,60,10
30,14,0.0,11.6,6,7,9,04:21 AM,03:50 PM,06:46 AM,06:16 PM,7,27,27,29,11,0,24,0.0,1010,27,10,62,9
30,14,0.0,11.6,6,7,9,04:21 AM,03:50 PM,06:46 AM,06:16 PM,7,27,27,28,11,0,27,0.0,1010,26,10,65,9
30,14,0.0,11.6,6,6,9,04:21 AM,03:50 PM,06:46 AM,06:16 PM,7,26,26,26,14,0,32,0.0,1011,24,10,73,9
30,14,0.0,11.6,6,6,9,04:21 AM,03:50 PM,06:46 AM,06:16 PM,8,24,25,24,17,0,37,0.0,1012,22,10,81,10
30,14,0.0,11.6,6,5,9,04:21 AM,03:50 PM,06:46 AM,06:16 PM,8,21,24,21,20,0,42,0.0,1013,20,10,90,10
30,14,0.0,11.6,6,1,9,04:21 AM,03:50 PM,06:46 AM,06:16 PM,9,20,22,20,19,0,49,0.0,1013,19,10,92,10
30,14,0.0,11.6,6,1,9,04:21 AM,03:50 PM,06:46 AM,06:16 PM,10,19,20,19,19,0,56,0.0,1014,18,10,95,10
30,14,0.0,11.6,6,1,9,04:21 AM,03:50 PM,06:46 AM,06:16 PM,11,18,18,18,19,0,64,0.0,1014,17,10,98,10
30,14,0.0,11.6,6,1,9,04:21 AM,03:50 PM,06:46 AM,06:16 PM,13,18,18,18,16,0,70,0.0,1014,16,10,96,9
30,14,0.0,11.6,6,1,9,04:21 AM,03:50 PM,06:46 AM,06:16 PM,14,18,18,18,13,0,75,0.0,1013,16,10,94,8
31,13,0.0,11.6,6,1,2,05:10 AM,04:42 PM,06:46 AM,06:17 PM,15,19,19,19,10,0,81,0.0,1013,15,10,92,7
31,13,0.0,11.6,6,1,2,05:10 AM,04:42 PM,06:46 AM,06:17 PM,16,18,18,18,8,0,85,0.0,1013,14,10,121,5
31,13,0.0,11.6,6,1,2,05:10 AM,04:42 PM,06:46 AM,06:17 PM,16,18,18,18,5,0,88,0.0,1013,14,10,150,3
31,13,0.0,11.6,6,1,2,05:10 AM,04:42 PM,06:46 AM,06:17 PM,16,18,18,18,3,0,92,0.0,1013,13,10,178,1
31,13,0.0,11.6,6,1,2,05:10 AM,04:42 PM,06:46 AM,06:17 PM,15,20,20,20,3,0,79,0.0,1013,15,10,149,3
31,13,0.0,11.6,6,1,2,05:10 AM,04:42 PM,06:46 AM,06:17 PM,14,21,23,21,4,0,66,0.0,1013,17,10,120,4
31,13,0.0,11.6,6,5,2,05:10 AM,04:42 PM,06:46 AM,06:17 PM,13,23,25,23,5,1,53,0.0,1013,19,10,91,5
31,13,0.0,11.6,6,6,2,05:10 AM,04:42 PM,06:46 AM,06:17 PM,10,26,26,25,9,0,42,0.0,1013,23,10,92,8
31,13,0.0,11.6,6,7,2,05:10 AM,04:42 PM,06:46 AM,06:17 PM,6,26,26,27,13,0,30,0.0,1013,26,10,93,11
31,13,0.0,11.6,6,7,2,05:10 AM,04:42 PM,06:46 AM,06:17 PM,3,27,27,29,17,0,19,0.0,1012,29,10,95,14
31,13,0.0,11.6,6,7,2,05:10 AM,04:42 PM,06:46 AM,06:17 PM,3,27,27,30,17,0,18,0.0,1011,29,10,103,15
31,13,0.0,11.6,6,8,2,05:10 AM,04:42 PM,06:46 AM,06:17 PM,3,28,28,30,17,0,18,0.0,1010,30,10,111,15
31,13,0.0,11.6,6,8,2,05:10 AM,04:42 PM,06:46 AM,06:17 PM,3,28,28,31,18,0,17,0.0,1009,31,10,119,15
31,13,0.0,11.6,6,7,2,05:10 AM,04:42 PM,06:46 AM,06:17 PM,4,28,28,29,18,0,20,0.0,1009,29,10,115,15
31,13,0.0,11.6,6,7,2,05:10 AM,04:42 PM,06:46 AM,06:17 PM,5,27,27,28,19,0,24,0.0,1010,28,10,110,14
31,13,0.0,11.6,6,7,2,05:10 AM,04:42 PM,06:46 AM,06:17 PM,6,26,26,27,20,0,27,0.0,1010,26,10,105,13
31,13,0.0,11.6,6,6,2,05:10 AM,04:42 PM,06:46 AM,06:17 PM,8,24,24,25,20,1,35,0.0,1011,24,10,109,12
31,13,0.0,11.6,6,6,2,05:10 AM,04:42 PM,06:46 AM,06:17 PM,9,23,23,23,19,1,43,0.0,1012,22,10,112,11
31,13,0.0,11.6,6,5,2,05:10 AM,04:42 PM,06:46 AM,06:17 PM,10,21,21,21,19,2,50,0.0,1013,19,10,116,10
31,13,0.0,11.6,6,1,2,05:10 AM,04:42 PM,06:46 AM,06:17 PM,11,20,20,20,20,1,56,0.0,1013,19,10,109,10
31,13,0.0,11.6,6,1,2,05:10 AM,04:42 PM,06:46 AM,06:17 PM,12,20,20,20,20,1,62,0.0,1014,18,10,103,10
31,13,0.0,11.6,6,1,2,05:10 AM,04:42 PM,06:46 AM,06:17 PM,13,19,19,19,20,0,68,0.0,1014,17,10,96,10
31,13,0.0,11.6,6,1,2,05:10 AM,04:42 PM,06:46 AM,06:17 PM,14,18,18,18,19,0,74,0.0,1014,17,10,98,10
31,13,0.0,11.6,6,1,2,05:10 AM,04:42 PM,06:46 AM,06:17 PM,14,18,18,18,19,0,80,0.0,1014,16,10,100,11
31,13,0.0,11.6,6,1,0,05:57 AM,05:34 PM,06:46 AM,06:17 PM,15,18,18,18,18,0,86,0.0,1014,16,10,102,11
31,13,0.0,11.6,6,1,0,05:57 AM,05:34 PM,06:46 AM,06:17 PM,14,16,16,16,13,33,90,0.0,1013,15,7,91,8
31,13,0.0,11.6,6,1,0,05:57 AM,05:34 PM,06:46 AM,06:17 PM,14,15,15,15,8,67,94,0.0,1013,14,3,81,5
31,13,0.0,11.6,6,1,0,05:57 AM,05:34 PM,06:46 AM,06:17 PM,13,13,13,13,3,100,97,0.0,1013,13,0,70,1
31,13,0.0,11.6,6,1,0,05:57 AM,05:34 PM,06:46 AM,06:17 PM,14,17,17,17,4,67,86,0.0,1014,15,3,91,3
31,13,0.0,11.6,6,1,0,05:57 AM,05:34 PM,06:46 AM,06:17 PM,15,20,21,20,5,33,75,0.0,1014,17,7,112,4
31,13,0.0,11.6,6,5,0,05:57 AM,05:34 PM,06:46 AM,06:17 PM,16,24,25,24,5,0,63,0.0,1015,20,10,134,5
31,13,0.0,11.6,6,6,0,05:57 AM,05:34 PM,06:46 AM,06:17 PM,12,26,26,26,8,0,48,0.0,1014,23,10,119,7
31,13,0.0,11.6,6,7,0,05:57 AM,05:34 PM,06:46 AM,06:17 PM,8,27,27,28,11,0,34,0.0,1014,26,10,104,9
31,13,0.0,11.6,6,7,0,05:57 AM,05:34 PM,06:46 AM,06:17 PM,4,28,28,30,14,0,19,0.0,1013,29,10,89,12
31,13,0.0,11.6,6,7,0,05:57 AM,05:34 PM,06:46 AM,06:17 PM,4,29,29,31,14,0,18,0.0,1012,30,10,93,12
31,13,0.0,11.6,6,8,0,05:57 AM,05:34 PM,06:46 AM,06:17 PM,3,29,29,31,15,0,17,0.0,1012,31,10,97,13
31,13,0.0,11.6,6,8,0,05:57 AM,05:34 PM,06:46 AM,06:17 PM,3,30,30,32,15,0,16,0.0,1011,31,10,101,13
31,13,0.0,11.6,6,7,0,05:57 AM,05:34 PM,06:46 AM,06:17 PM,4,29,29,31,15,0,19,0.0,1011,30,10,104,13
31,13,0.0,11.6,6,7,0,05:57 AM,05:34 PM,06:46 AM,06:17 PM,5,28,28,30,15,0,22,0.0,1010,28,10,108,12
31,13,0.0,11.6,6,7,0,05:57 AM,05:34 PM,06:46 AM,06:17 PM,6,27,27,28,15,0,24,0.0,1010,27,10,112,11
31,13,0.0,11.6,6,6,0,05:57 AM,05:34 PM,06:46 AM,06:17 PM,7,26,26,26,17,0,31,0.0,1011,25,10,114,11
31,13,0.0,11.6,6,6,0,05:57 AM,05:34 PM,06:46 AM,06:17 PM,8,25,25,24,20,0,37,0.0,1012,23,10,116,11
31,13,0.0,11.6,6,6,0,05:57 AM,05:34 PM,06:46 AM,06:17 PM,9,22,24,22,22,0,44,0.0,1013,21,10,118,11
31,13,0.0,11.6,6,1,0,05:57 AM,05:34 PM,06:46 AM,06:17 PM,10,21,22,21,21,2,52,0.0,1013,20,10,112,11
31,13,0.0,11.6,6,1,0,05:57 AM,05:34 PM,06:46 AM,06:17 PM,11,19,20,19,20,3,59,0.0,1013,19,10,106,10
31,13,0.0,11.6,6,1,0,05:57 AM,05:34 PM,06:46 AM,06:17 PM,12,18,18,18,20,5,67,0.0,1013,18,10,101,9
31,13,0.0,11.6,6,1,0,05:57 AM,05:34 PM,06:46 AM,06:17 PM,13,18,18,18,19,5,74,0.0,1013,17,10,103,9
31,13,0.0,11.6,6,1,0,05:57 AM,05:34 PM,06:46 AM,06:17 PM,14,17,17,17,19,6,81,0.0,1013,16,10,105,9
30,14,0.0,11.6,6,1,0,06:40 AM,06:24 PM,06:46 AM,06:18 PM,15,17,17,17,19,7,88,0.0,1013,16,10,107,9
30,14,0.0,11.6,6,1,0,06:40 AM,06:24 PM,06:46 AM,06:18 PM,15,16,16,16,16,12,91,0.0,1013,15,7,91,8
30,14,0.0,11.6,6,1,0,06:40 AM,06:24 PM,06:46 AM,06:18 PM,14,16,16,16,14,18,94,0.0,1014,15,5,74,7
30,14,0.0,11.6,6,1,0,06:40 AM,06:24 PM,06:46 AM,06:18 PM,14,15,15,15,11,24,97,0.0,1014,14,2,58,5
30,14,0.0,11.6,6,1,0,06:40 AM,06:24 PM,06:46 AM,06:18 PM,14,17,17,17,9,19,87,0.0,1014,16,5,65,5
30,14,0.0,11.6,6,1,0,06:40 AM,06:24 PM,06:46 AM,06:18 PM,14,19,19,19,7,15,77,0.0,1015,18,7,73,4
30,14,0.0,11.6,6,5,0,06:40 AM,06:24 PM,06:46 AM,06:18 PM,14,21,21,21,5,11,67,0.0,1015,19,10,80,4
30,14,0.0,11.6,6,6,0,06:40 AM,06:24 PM,06:46 AM,06:18 PM,13,23,23,23,7,8,55,0.0,1015,22,10,99,6
30,14,0.0,11.6,6,7,0,06:40 AM,06:24 PM,06:46 AM,06:18 PM,11,26,26,26,9,5,43,0.0,1014,25,10,118,8
30,14,0.0,11.6,6,7,0,06:40 AM,06:24 PM,06:46 AM,06:18 PM,10,28,28,29,11,3,30,0.0,1014,28,10,136,9
30,14,0.0,11.6,6,7,0,06:40 AM,06:24 PM,06:46 AM,06:18 PM,9,28,28,30,13,4,28,0.0,1013,29,10,134,12
30,14,0.0,11.6,6,7,0,06:40 AM,06:24 PM,06:46 AM,06:18 PM,8,28,28,30,16,5,26,0.0,1012,30,10,132,14
30,14,0.0,11.6,6,8,0,06:40 AM,06:24 PM,06:46 AM,06:18 PM,7,29,29,30,18,7,23,0.0,1011,30,10,130,16
30,14,0.0,11.6,6,7,0,06:40 AM,06:24 PM,06:46 AM,06:18 PM,8,28,28,29,18,6,27,0.0,1011,29,10,130,15
30,14,0.0,11.6,6,7,0,06:40 AM,06:24 PM,06:46 AM,06:18 PM,9,27,27,28,18,4,30,0.0,1011,28,10,131,14
30,14,0.0,11.6,6,7,0,06:40 AM,06:24 PM,06:46 AM,06:18 PM,9,26,26,27,19,3,33,0.0,1011,27,10,132,13
30,14,0.0,11.6,6,6,0,06:40 AM,06:24 PM,06:46 AM,06:18 PM,10,26,26,25,20,3,41,0.0,1012,25,10,132,13
30,14,0.0,11.6,6,6,0,06:40 AM,06:24 PM,06:46 AM,06:18 PM,11,25,25,23,22,3,49,0.0,1013,23,10,133,13
30,14,0.0,11.6,6,6,0,06:40 AM,06:24 PM,06:46 AM,06:18 PM,13,21,24,21,23,3,57,0.0,1013,21,10,133,12
30,14,0.0,11.6,6,1,0,06:40 AM,06:24 PM,06:46 AM,06:18 PM,14,21,23,21,21,3,64,0.0,1014,20,10,127,11
30,14,0.0,11.6,6,1,0,06:40 AM,06:24 PM,06:46 AM,06:18 PM,14,20,21,20,19,3,72,0.0,1014,19,10,121,10
30,14,0.0,11.6,6,1,0,06:40 AM,06:24 PM,06:46 AM,06:18 PM,15,19,19,19,17,3,79,0.0,1014,18,10,115,9
30,14,0.0,11.6,6,1,0,06:40 AM,06:24 PM,06:46 AM,06:18 PM,16,19,19,19,17,8,84,0.0,1014,18,10,118,9
30,14,0.0,11.6,6,1,0,06:40 AM,06:24 PM,06:46 AM,06:18 PM,16,18,18,18,18,13,89,0.0,1014,17,10,120,9
31,15,0.0,11.6,6,1,5,07:21 AM,07:13 PM,06:46 AM,06:18 PM,16,17,17,17,18,18,94,0.0,1014,17,10,122,9
31,15,0.0,11.6,6,1,5,07:21 AM,07:13 PM,06:46 AM,06:18 PM,16,17,17,17,14,45,95,0.0,1014,16,7,119,7
31,15,0.0,11.6,6,1,5,07:21 AM,07:13 PM,06:46 AM,06:18 PM,15,16,16,16,10,73,97,0.0,1014,15,3,115,5
31,15,0.0,11.6,6,1,5,07:21 AM,07:13 PM,06:46 AM,06:18 PM,15,15,15,15,5,100,98,0.0,1014,15,0,112,3
31,15,0.0,11.6,6,1,5,07:21 AM,07:13 PM,06:46 AM,06:18 PM,16,18,18,18,5,68,90,0.0,1015,17,3,116,3
31,15,0.0,11.6,6,1,5,07:21 AM,07:13 PM,06:46 AM,06:18 PM,17,20,22,20,4,37,82,0.0,1015,19,7,121,3
31,15,0.0,11.6,6,6,5,07:21 AM,07:13 PM,06:46 AM,06:18 PM,18,23,25,23,3,5,74,0.0,1016,21,10,126,3
31,15,0.0,11.6,6,6,5,07:21 AM,07:13 PM,06:46 AM,06:18 PM,16,26,26,25,4,8,61,0.0,1015,24,10,130,4
31,15,0.0,11.6,6,7,5,07:21 AM,07:13 PM,06:46 AM,06:18 PM,15,28,28,28,5,11,48,0.0,1014,26,10,134,5
31,15,0.0,11.6,6,7,5,07:21 AM,07:13 PM,06:46 AM,06:18 PM,13,30,30,30,7,13,35,0.0,1014,29,10,139,6
31,15,0.0,11.6,6,8,5,07:21 AM,07:13 PM,06:46 AM,06:18 PM,13,30,30,31,7,21,33,0.0,1013,30,10,127,6
31,15,0.0,11.6,6,8,5,07:21 AM,07:13 PM,06:46 AM,06:18 PM,12,30,30,31,8,29,31,0.0,1011,31,10,116,7
31,15,0.0,11.6,6,8,5,07:21 AM,07:13 PM,06:46 AM,06:18 PM,12,31,31,32,9,37,30,0.0,1010,31,10,104,8
31,15,0.0,11.6,6,7,5,07:21 AM,07:13 PM,06:46 AM,06:18 PM,12,30,30,30,11,39,33,0.0,1010,30,10,104,8
31,15,0.0,11.6,6,7,5,07:21 AM,07:13 PM,06:46 AM,06:18 PM,13,29,29,29,13,42,37,0.0,1010,29,10,104,9
31,15,0.0,11.6,6,7,5,07:21 AM,07:13 PM,06:46 AM,06:18 PM,13,28,28,28,14,44,41,0.0,1010,27,10,103,9
31,15,0.0,11.6,6,7,5,07:21 AM,07:13 PM,06:46 AM,06:18 PM,14,27,27,27,16,35,47,0.0,1011,26,10,111,10
31,15,0.0,11.6,6,7,5,07:21 AM,07:13 PM,06:46 AM,06:18 PM,15,26,26,25,17,27,53,0.0,1012,25,10,119,12
31,15,0.0,11.6,6,6,5,07:21 AM,07:13 PM,06:46 AM,06:18 PM,16,26,26,24,19,18,59,0.0,1013,24,10,127,13
31,15,0.0,11.6,6,1,5,07:21 AM,07:13 PM,06:46 AM,06:18 PM,17,24,24,23,17,37,69,0.0,1013,23,10,130,12
31,15,0.0,11.6,6,1,5,07:21 AM,07:13 PM,06:46 AM,06:18 PM,18,22,22,22,15,55,79,0.0,1013,22,10,132,10
31,15,0.0,11.6,6,1,5,07:21 AM,07:13 PM,06:46 AM,06:18 PM,19,21,21,21,14,73,89,0.0,1014,21,10,135,9
31,15,0.0,11.6,6,1,5,07:21 AM,07:13 PM,06:46 AM,06:18 PM,19,20,20,20,14,78,91,0.0,1014,20,10,139,9
31,15,0.0,11.6,6,1,5,07:21 AM,07:13 PM,06:46 AM,06:18 PM,19,20,20,20,14,84,94,0.1,1013,20,10,144,9
32,18,0.0,11.6,5,1,12,07:59 AM,08:01 PM,06:46 AM,06:19 PM,19,20,20,20,14,89,97,0.2,1013,19,10,149,9
32,18,0.0,11.6,5,1,12,07:59 AM,08:01 PM,06:46 AM,06:19 PM,19,19,19,19,11,93,98,0.1,1013,19,7,159,7
32,18,0.0,11.6,5,1,12,07:59 AM,08:01 PM,06:46 AM,06:19 PM,19,19,19,19,9,96,98,0.0,1014,18,3,169,6
32,18,0.0,11.6,5,1,12,07:59 AM,08:01 PM,06:46 AM,06:19 PM,18,18,18,18,7,100,99,0.0,1014,18,0,180,4
32,18,0.0,11.6,5,1,12,07:59 AM,08:01 PM,06:46 AM,06:19 PM,18,20,21,20,8,69,92,0.0,1014,19,3,179,5
32,18,0.0,11.6,5,1,12,07:59 AM,08:01 PM,06:46 AM,06:19 PM,19,21,23,21,8,38,85,0.0,1014,20,7,179,6
32,18,0.0,11.6,5,6,12,07:59 AM,08:01 PM,06:46 AM,06:19 PM,19,23,25,23,8,7,78,0.0,1014,22,10,179,7
32,18,0.0,11.6,5,6,12,07:59 AM,08:01 PM,06:46 AM,06:19 PM,17,27,27,26,7,6,64,0.0,1014,25,10,154,6
32,18,0.0,11.6,5,7,12,07:59 AM,08:01 PM,06:46 AM,06:19 PM,16,30,30,29,6,6,49,0.0,1014,28,10,128,5
32,18,0.0,11.6,5,8,12,07:59 AM,08:01 PM,06:46 AM,06:19 PM,14,32,32,32,5,6,34,0.0,1013,31,10,103,4
32,18,0.0,11.6,5,8,12,07:59 AM,08:01 PM,06:46 AM,06:19 PM,13,32,32,33,6,7,31,0.0,1012,31,10,102,5
32,18,0.0,11.6,5,8,12,07:59 AM,08:01 PM,06:46 AM,06:19 PM,12,32,32,33,7,8,28,0.0,1011,32,10,102,6
32,18,0.0,11.6,5,8,12,07:59 AM,08:01 PM,06:46 AM,06:19 PM,10,32,32,33,8,9,24,0.0,1010,32,10,101,7
32,18,0.0,11.6,5,8,12,07:59 AM,08:01 PM,06:46 AM,06:19 PM,10,30,30,32,10,14,27,0.0,1010,31,10,108,8
32,18,0.0,11.6,5,7,12,07:59 AM,08:01 PM,06:46 AM,06:19 PM,11,29,29,30,11,19,29,0.0,1010,30,10,115,9
32,18,0.0,11.6,5,7,12,07:59 AM,08:01 PM,06:46 AM,06:19 PM,11,28,28,29,13,24,32,0.0,1010,29,10,122,10
32,18,0.0,11.6,5,7,12,07:59 AM,08:01 PM,06:46 AM,06:19 PM,12,27,27,28,16,21,38,0.0,1011,27,10,125,11
32,18,0.0,11.6,5,7,12,07:59 AM,08:01 PM,06:46 AM,06:19 PM,13,26,26,26,20,19,45,0.0,1012,26,10,127,13
32,18,0.0,11.6,5,6,12,07:59 AM,08:01 PM,06:46 AM,06:19 PM,14,25,25,24,23,16,52,0.0,1013,24,10,130,14
32,18,0.0,11.6,5,1,12,07:59 AM,08:01 PM,06:46 AM,06:19 PM,15,25,25,24,19,12,61,0.0,1013,23,10,134,12
32,18,0.0,11.6,5,1,12,07:59 AM,08:01 PM,06:46 AM,06:19 PM,17,23,25,23,14,7,71,0.0,1013,22,10,138,9
32,18,0.0,11.6,5,1,12,07:59 AM,08:01 PM,06:46 AM,06:19 PM,19,22,25,22,9,3,81,0.0,1014,21,10,142,7
32,18,0.0,11.6,5,1,12,07:59 AM,08:01 PM,06:46 AM,06:19 PM,19,21,23,21,11,8,85,0.0,1013,20,10,147,7
32,18,0.0,11.6,5,1,12,07:59 AM,08:01 PM,06:46 AM,06:19 PM,19,20,21,20,12,13,89,0.0,1013,20,10,152,7
32,17,0.0,11.6,6,1,20,08:35 AM,08:49 PM,06:46 AM,06:19 PM,19,20,20,20,13,18,93,0.0,1013,19,10,158,8
32,17,0.0,11.6,6,1,20,08:35 AM,08:49 PM,06:46 AM,06:19 PM,18,19,19,19,11,45,95,0.0,1013,18,7,145,6
32,17,0.0,11.6,6,1,20,08:35 AM,08:49 PM,06:46 AM,06:19 PM,18,18,18,18,9,73,97,0.0,1013,18,3,132,5
32,17,0.0,11.6,6,1,20,08:35 AM,08:49 PM,06:46 AM,06:19 PM,17,17,17,17,7,100,98,0.0,1013,17,0,119,3
32,17,0.0,11.6,6,1,20,08:35 AM,08:49 PM,06:46 AM,06:19 PM,18,20,20,20,6,67,91,0.0,1014,18,3,129,4
32,17,0.0,11.6,6,1,20,08:35 AM,08:49 PM,06:46 AM,06:19 PM,19,22,23,22,6,35,84,0.0,1015,20,7,138,4
32,17,0.0,11.6,6,6,20,08:35 AM,08:49 PM,06:46 AM,06:19 PM,20,24,26,24,6,2,76,0.0,1015,22,10,148,5
32,17,0.0,11.6,6,6,20,08:35 AM,08:49 PM,06:46 AM,06:19 PM,17,27,27,26,7,3,61,0.0,1015,24,10,126,6
32,17,0.0,11.6,6,7,20,08:35 AM,08:49 PM,06:46 AM,06:19 PM,14,28,28,28,9,3,47,0.0,1015,27,10,104,7
32,17,0.0,11.6,6,7,20,08:35 AM,08:49 PM,06:46 AM,06:19 PM,12,30,30,31,10,4,32,0.0,1014,29,10,82,9
32,17,0.0,11.6,6,8,20,08:35 AM,08:49 PM,06:46 AM,06:19 PM,10,30,30,31,11,5,28,0.0,1013,30,10,83,10
32,17,0.0,11.6,6,8,20,08:35 AM,08:49 PM,06:46 AM,06:19 PM,9,30,30,32,13,5,25,0.0,1012,31,10,84,11
32,17,0.0,11.6,6,8,20,08:35 AM,08:49 PM,06:46 AM,06:19 PM,8,30,30,32,14,6,22,0.0,1010,32,10,84,12
32,17,0.0,11.6,6,8,20,08:35 AM,08:49 PM,06:46 AM,06:19 PM,8,29,29,31,14,6,23,0.0,1010,31,10,91,12
32,17,0.0,11.6,6,7,20,08:35 AM,08:49 PM,06:46 AM,06:19 PM,7,28,28,30,15,7,24,0.0,1010,30,10,97,12
32,17,0.0,11.6,6,7,20,08:35 AM,08:49 PM,06:46 AM,06:19 PM,7,27,27,29,15,7,26,0.0,1010,29,10,104,11
32,17,0.0,11.6,6,7,20,08:35 AM,08:49 PM,06:46 AM,06:19 PM,8,26,26,27,18,6,31,0.0,1011,27,10,110,12
32,17,0.0,11.6,6,6,20,08:35 AM,08:49 PM,06:46 AM,06:19 PM,8,25,25,25,21,4,36,0.0,1012,24,10,117,12
32,17,0.0,11.6,6,6,20,08:35 AM,08:49 PM,06:46 AM,06:19 PM,9,24,24,23,24,2,41,0.0,1013,22,10,124,13
32,17,0.0,11.6,6,1,20,08:35 AM,08:49 PM,06:46 AM,06:19 PM,10,22,23,22,23,3,48,0.0,1013,21,10,122,12
32,17,0.0,11.6,6,1,20,08:35 AM,08:49 PM,06:46 AM,06:19 PM,11,21,21,21,22,4,54,0.0,1014,20,10,121,12
32,17,0.0,11.6,6,1,20,08:35 AM,08:49 PM,06:46 AM,06:19 PM,12,20,20,20,21,5,61,0.0,1014,19,10,119,11
32,17,0.0,11.6,6,1,20,08:35 AM,08:49 PM,06:46 AM,06:19 PM,13,19,19,19,20,4,66,0.0,1014,19,10,118,11
32,17,0.0,11.6,6,1,20,08:35 AM,08:49 PM,06:46 AM,06:19 PM,13,19,19,19,19,3,70,0.0,1014,18,10,116,10
31,16,0.0,11.6,6,1,27,09:13 AM,09:38 PM,06:46 AM,06:20 PM,14,19,19,19,18,2,75,0.0,1013,17,10,114,10
31,16,0.0,11.6,6,1,27,09:13 AM,09:38 PM,06:46 AM,06:20 PM,14,18,18,18,18,2,76,0.0,1014,17,10,113,9
31,16,0.0,11.6,6,1,27,09:13 AM,09:38 PM,06:46 AM,06:20 PM,14,18,18,18,19,2,76,0.0,1014,16,10,111,9
31,16,0.0,11.6,6,1,27,09:13 AM,09:38 PM,06:46 AM,06:20 PM,13,17,17,17,19,2,77,0.0,1014,16,10,110,9
31,16,0.0,11.6,6,1,27,09:13 AM,09:38 PM,06:46 AM,06:20 PM,12,19,20,19,17,2,67,0.0,1014,17,10,115,9
31,16,0.0,11.6,6,1,27,09:13 AM,09:38 PM,06:46 AM,06:20 PM,12,21,22,21,14,1,57,0.0,1014,19,10,120,10
31,16,0.0,11.6,6,6,27,09:13 AM,09:38 PM,06:46 AM,06:20 PM,11,22,24,22,12,1,47,0.0,1015,21,10,126,10
31,16,0.0,11.6,6,6,27,09:13 AM,09:38 PM,06:46 AM,06:20 PM,8,25,25,25,13,1,37,0.0,1014,23,10,121,11
31,16,0.0,11.6,6,7,27,09:13 AM,09:38 PM,06:46 AM,06:20 PM,5,26,26,27,14,0,28,0.0,1014,26,10,117,12
31,16,0.0,11.6,6,7,27,09:13 AM,09:38 PM,06:46 AM,06:20 PM,3,28,28,30,15,0,18,0.0,1014,29,10,113,13
31,16,0.0,11.6,6,7,27,09:13 AM,09:38 PM,06:46 AM,06:20 PM,2,28,28,30,17,0,17,0.0,1013,30,10,109,14
31,16,0.0,11.6,6,8,27,09:13 AM,09:38 PM,06:46 AM,06:20 PM,2,28,28,31,18,1,16,0.0,1012,30,10,106,16
31,16,0.0,11.6,6,8,27,09:13 AM,09:38 PM,06:46 AM,06:20 PM,1,29,29,31,20,1,15,0.0,1011,31,10,103,17
31,16,0.0,11.6,6,7,27,09:13 AM,09:38 PM,06:46 AM,06:20 PM,2,28,28,30,19,1,18,0.0,1011,30,10,105,16
31,16,0.0,11.6,6,7,27,09:13 AM,09:38 PM,06:46 AM,06:20 PM,4,27,27,29,18,2,20,0.0,1011,28,10,108,14
31,16,0.0,11.6,6,7,27,09:13 AM,09:38 PM,06:46 AM,06:20 PM,5,26,26,28,17,2,23,0.0,1011,27,10,110,13
31,16,0.0,11.6,6,7,27,09:13 AM,09:38 PM,06:46 AM,06:20 PM,6,26,26,26,20,4,28,0.0,1012,25,10,114,13
31,16,0.0,11.6,6,6,27,09:13 AM,09:38 PM,06:46 AM,06:20 PM,6,25,25,24,23,5,34,0.0,1013,23,10,117,13
31,16,0.0,11.6,6,6,27,09:13 AM,09:38 PM,06:46 AM,06:20 PM,7,21,24,21,26,7,39,0.0,1013,21,10,120,13
31,16,0.0,11.6,6,1,27,09:13 AM,09:38 PM,06:46 AM,06:20 PM,8,21,22,21,21,7,43,0.0,1014,20,10,114,10
31,16,0.0,11.6,6,1,27,09:13 AM,09:38 PM,06:46 AM,06:20 PM,8,20,20,20,16,7,48,0.0,1014,19,10,108,8
31,16,0.0,11.6,6,1,27,09:13 AM,09:38 PM,06:46 AM,06:20 PM,9,19,19,19,11,7,53,0.0,1014,18,10,102,5
31,16,0.0,11.6,6,1,27,09:13 AM,09:38 PM,06:46 AM,06:20 PM,9,18,18,18,15,7,55,0.0,1014,17,10,105,7
31,16,0.0,11.6,6,1,27,09:13 AM,09:38 PM,06:46 AM,06:20 PM,9,18,18,18,19,6,57,0.0,1014,17,10,109,9
31,15,0.0,11.6,6,1,31,09:50 AM,10:27 PM,06:46 AM,06:20 PM,9,17,17,17,23,6,59,0.0,1014,17,10,112,11
31,15,0.0,11.6,6,1,31,09:50 AM,10:27 PM,06:46 AM,06:20 PM,10,17,17,17,21,6,62,0.0,1014,16,10,108,10
31,15,0.0,11.6,6,1,31,09:50 AM,10:27 PM,06:46 AM,06:20 PM,10,16,16,16,19,7,66,0.0,1014,15,10,104,9
31,15,0.0,11.6,6,1,31,09:50 AM,10:27 PM,06:46 AM,06:20 PM,10,16,16,16,17,7,69,0.0,1014,15,10,101,8
31,15,0.0,11.6,6,1,31,09:50 AM,10:27 PM,06:46 AM,06:20 PM,10,18,19,18,14,6,62,0.0,1014,16,10,105,8
31,15,0.0,11.6,6,1,31,09:50 AM,10:27 PM,06:46 AM,06:20 PM,10,20,21,20,11,5,55,0.0,1015,18,10,110,7
31,15,0.0,11.6,6,5,31,09:50 AM,10:27 PM,06:46 AM,06:20 PM,10,22,24,22,8,3,48,0.0,1015,20,10,115,7
31,15,0.0,11.6,6,6,31,09:50 AM,10:27 PM,06:46 AM,06:20 PM,8,25,25,24,10,3,39,0.0,1015,23,10,110,8
31,15,0.0,11.6,6,7,31,09:50 AM,10:27 PM,06:46 AM,06:20 PM,6,26,26,27,11,2,29,0.0,1014,26,10,104,10
31,15,0.0,11.6,6,7,31,09:50 AM,10:27 PM,06:46 AM,06:20 PM,4,28,28,30,13,2,20,0.0,1014,28,10,99,12
31,15,0.0,11.6,6,7,31,09:50 AM,10:27 PM,06:46 AM,06:20 PM,4,28,28,30,14,2,19,0.0,1013,29,10,101,12
31,15,0.0,11.6,6,8,31,09:50 AM,10:27 PM,06:46 AM,06:20 PM,3,28,28,31,15,3,17,0.0,1012,30,10,103,13
31,15,0.0,11.6,6,8,31,09:50 AM,10:27 PM,06:46 AM,06:20 PM,2,29,29,31,17,3,16,0.0,1010,31,10,104,14
31,15,0.0,11.6,6,7,31,09:50 AM,10:27 PM,06:46 AM,06:20 PM,4,28,28,30,18,2,19,0.0,1011,30,10,108,14
31,15,0.0,11.6,6,7,31,09:50 AM,10:27 PM,06:46 AM,06:20 PM,5,27,27,29,19,2,22,0.0,1011,29,10,112,14
31,15,0.0,11.6,6,7,31,09:50 AM,10:27 PM,06:46 AM,06:20 PM,6,26,26,28,21,1,25,0.0,1011,27,10,116,14
31,15,0.0,11.6,6,7,31,09:50 AM,10:27 PM,06:46 AM,06:20 PM,7,26,26,26,22,1,33,0.0,1012,25,10,119,14
31,15,0.0,11.6,6,6,31,09:50 AM,10:27 PM,06:46 AM,06:20 PM,9,25,25,24,22,2,41,0.0,1013,23,10,122,13
31,15,0.0,11.6,6,6,31,09:50 AM,10:27 PM,06:46 AM,06:20 PM,10,22,24,22,23,2,49,0.0,1013,21,10,125,13
31,15,0.0,11.6,6,1,31,09:50 AM,10:27 PM,06:46 AM,06:20 PM,11,21,23,21,21,2,55,0.0,1014,20,10,119,11
31,15,0.0,11.6,6,1,31,09:50 AM,10:27 PM,06:46 AM,06:20 PM,12,20,21,20,18,2,61,0.0,1014,19,10,114,10
31,15,0.0,11.6,6,1,31,09:50 AM,10:27 PM,06:46 AM,06:20 PM,13,20,20,20,16,1,67,0.0,1014,18,10,108,9
31,15,0.0,11.6,6,1,31,09:50 AM,10:27 PM,06:46 AM,06:20 PM,13,19,19,19,17,3,69,0.0,1014,18,10,109,9
31,15,0.0,11.6,6,1,31,09:50 AM,10:27 PM,06:46 AM,06:20 PM,13,18,18,18,18,4,70,0.0,1014,17,10,110,9
32,14,0.0,11.6,6,1,43,10:30 AM,11:20 PM,06:46 AM,06:21 PM,13,18,18,18,18,6,72,0.0,1013,17,10,111,9
32,14,0.0,11.6,6,1,43,10:30 AM,11:20 PM,06:46 AM,06:21 PM,14,18,18,18,15,4,76,0.0,1014,16,10,122,7
32,14,0.0,11.6,6,1,43,10:30 AM,11:20 PM,06:46 AM,06:21 PM,15,18,18,18,13,3,81,0.0,1014,15,10,132,6
32,14,0.0,11.6,6,1,43,10:30 AM,11:20 PM,06:46 AM,06:21 PM,16,18,18,18,10,1,85,0.0,1014,14,10,143,5
32,14,0.0,11.6,6,1,43,10:30 AM,11:20 PM,06:46 AM,06:21 PM,14,20,20,20,9,1,72,0.0,1015,16,10,141,5
32,14,0.0,11.6,6,1,43,10:30 AM,11:20 PM,06:46 AM,06:21 PM,13,22,23,22,8,0,59,0.0,1015,19,10,140,6
32,14,0.0,11.6,6,6,43,10:30 AM,11:20 PM,06:46 AM,06:21 PM,12,24,25,24,7,0,46,0.0,1015,21,10,139,6
32,14,0.0,11.6,6,6,43,10:30 AM,11:20 PM,06:46 AM,06:21 PM,9,26,26,26,11,0,38,0.0,1015,24,10,115,10
32,14,0.0,11.6,6,7,43,10:30 AM,11:20 PM,06:46 AM,06:21 PM,7,27,27,28,15,0,29,0.0,1015,27,10,91,13
32,14,0.0,11.6,6,7,43,10:30 AM,11:20 PM,06:46 AM,06:21 PM,4,27,27,30,19,0,20,0.0,1015,30,10,67,17
32,14,0.0,11.6,6,8,43,10:30 AM,11:20 PM,06:46 AM,06:21 PM,4,28,28,30,18,0,19,0.0,1013,30,10,75,16
32,14,0.0,11.6,6,8,43,10:30 AM,11:20 PM,06:46 AM,06:21 PM,4,29,29,31,17,0,18,0.0,1012,31,10,83,15
32,14,0.0,11.6,6,8,43,10:30 AM,11:20 PM,06:46 AM,06:21 PM,4,30,30,32,16,0,17,0.0,1011,32,10,91,14
32,14,0.0,11.6,6,8,43,10:30 AM,11:20 PM,06:46 AM,06:21 PM,5,29,29,31,16,1,19,0.0,1011,31,10,94,13
32,14,0.0,11.6,6,7,43,10:30 AM,11:20 PM,06:46 AM,06:21 PM,5,28,28,30,16,1,21,0.0,1011,29,10,98,13
32,14,0.0,11.6,6,7,43,10:30 AM,11:20 PM,06:46 AM,06:21 PM,6,27,27,29,16,2,23,0.0,1011,28,10,102,12
32,14,0.0,11.6,6,7,43,10:30 AM,11:20 PM,06:46 AM,06:21 PM,7,26,26,27,18,1,30,0.0,1012,26,10,109,12
32,14,0.0,11.6,6,6,43,10:30 AM,11:20 PM,06:46 AM,06:21 PM,8,25,25,24,20,1,37,0.0,1013,24,10,115,12
32,14,0.0,11.6,6,6,43,10:30 AM,11:20 PM,06:46 AM,06:21 PM,9,22,24,22,23,0,44,0.0,1014,21,10,121,12
32,14,0.0,11.6,6,1,43,10:30 AM,11:20 PM,06:46 AM,06:21 PM,11,22,23,22,19,0,52,0.0,1015,20,10,106,10
32,14,0.0,11.6,6,1,43,10:30 AM,11:20 PM,06:46 AM,06:21 PM,13,21,22,21,15,0,60,0.0,1015,19,10,91,8
32,14,0.0,11.6,6,1,43,10:30 AM,11:20 PM,06:46 AM,06:21 PM,15,21,21,21,11,0,69,0.0,1016,18,10,76,6
32,14,0.0,11.6,6,1,43,10:30 AM,11:20 PM,06:46 AM,06:21 PM,15,20,20,20,12,0,71,0.0,1015,18,10,85,7
32,14,0.0,11.6,6,1,43,10:30 AM,11:20 PM,06:46 AM,06:21 PM,15,20,20,20,14,0,74,0.0,1015,17,10,95,8
32,15,0.0,11.6,6,1,50,11:14 AM,No moonset,06:46 AM,06:21 PM,15,20,20,20,16,0,76,0.0,1015,17,10,105,9
32,15,0.0,11.6,6,1,50,11:14 AM,No moonset,06:46 AM,06:21 PM,15,19,19,19,14,0,78,0.0,1015,16,10,108,8
32,15,0.0,11.6,6,1,50,11:14 AM,No moonset,06:46 AM,06:21 PM,15,19,19,19,12,0,79,0.0,1015,16,10,111,7
32,15,0.0,11.6,6,1,50,11:14 AM,No moonset,06:46 AM,06:21 PM,15,19,19,19,11,0,81,0.0,1015,15,10,114,6
32,15,0.0,11.6,6,1,50,11:14 AM,No moonset,06:46 AM,06:21 PM,14,21,21,21,9,0,70,0.0,1015,17,10,120,6
32,15,0.0,11.6,6,1,50,11:14 AM,No moonset,06:46 AM,06:21 PM,14,23,23,23,8,0,59,0.0,1016,19,10,127,6
32,15,0.0,11.6,6,6,50,11:14 AM,No moonset,06:46 AM,06:21 PM,13,25,25,25,7,0,49,0.0,1016,21,10,133,6
32,15,0.0,11.6,6,6,50,11:14 AM,No moonset,06:46 AM,06:21 PM,11,27,27,27,9,0,40,0.0,1016,24,10,121,8
32,15,0.0,11.6,6,7,50,11:14 AM,No moonset,06:46 AM,06:21 PM,9,28,28,29,11,0,32,0.0,1016,27,10,109,10
32,15,0.0,11.6,6,7,50,11:14 AM,No moonset,06:46 AM,06:21 PM,7,29,29,31,13,0,23,0.0,1015,29,10,97,12
32,15,0.0,11.6,6,8,50,11:14 AM,No moonset,06:46 AM,06:21 PM,7,29,29,31,14,2,22,0.0,1014,30,10,94,12
32,15,0.0,11.6,6,8,50,11:14 AM,No moonset,06:46 AM,06:21 PM,6,29,29,31,15,3,21,0.0,1013,31,10,90,13
32,15,0.0,11.6,6,8,50,11:14 AM,No moonset,06:46 AM,06:21 PM,6,30,30,32,16,5,20,0.0,1012,32,10,87,14
32,15,0.0,11.6,6,8,50,11:14 AM,No moonset,06:46 AM,06:21 PM,7,29,29,31,15,5,23,0.0,1012,30,10,88,12
32,15,0.0,11.6,6,7,50,11:14 AM,No moonset,06:46 AM,06:21 PM,8,28,28,30,14,4,25,0.0,1011,29,10,90,11
32,15,0.0,11.6,6,7,50,11:14 AM,No moonset,06:46 AM,06:21 PM,9,28,28,29,13,4,28,0.0,1011,28,10,91,9
32,15,0.0,11.6,6,7,50,11:14 AM,No moonset,06:46 AM,06:21 PM,10,27,27,27,16,5,35,0.0,1012,26,10,101,10
32,15,0.0,11.6,6,6,50,11:14 AM,No moonset,06:46 AM,06:21 PM,10,26,26,25,19,6,42,0.0,1013,24,10,110,10
32,15,0.0,11.6,6,6,50,11:14 AM,No moonset,06:46 AM,06:21 PM,11,22,24,22,22,6,49,0.0,1014,22,10,120,11
32,15,0.0,11.6,6,1,50,11:14 AM,No moonset,06:46 AM,06:21 PM,12,22,23,22,20,5,55,0.0,1014,21,10,116,10
32,15,0.0,11.6,6,1,50,11:14 AM,No moonset,06:46 AM,06:21 PM,13,21,21,21,19,4,62,0.0,1014,20,10,112,10
32,15,0.0,11.6,6,1,50,11:14 AM,No moonset,06:46 AM,06:21 PM,14,20,20,20,17,3,69,0.0,1015,19,10,108,9
32,15,0.0,11.6,6,1,50,11:14 AM,No moonset,06:46 AM,06:21 PM,14,20,20,20,16,3,71,0.0,1015,18,10,112,9
32,15,0.0,11.6,6,1,50,11:14 AM,No moonset,06:46 AM,06:21 PM,15,19,19,19,15,3,74,0.0,1014,18,10,116,8
31,16,0.0,11.6,6,1,58,12:02 PM,12:16 AM,06:45 AM,06:21 PM,15,19,19,19,15,3,77,0.0,1014,17,10,121,8
31,16,0.0,11.6,6,1,58,12:02 PM,12:16 AM,06:45 AM,06:21 PM,15,19,19,19,13,2,78,0.0,1014,17,10,125,8
31,16,0.0,11.6,6,1,58,12:02 PM,12:16 AM,06:45 AM,06:21 PM,16,19,19,19,12,2,80,0.0,1014,16,10,130,7
31,16,0.0,11.6,6,1,58,12:02 PM,12:16 AM,06:45 AM,06:21 PM,16,19,19,19,11,2,82,0.0,1014,16,10,135,7
31,16,0.0,11.6,6,1,58,12:02 PM,12:16 AM,06:45 AM,06:21 PM,15,21,21,21,11,1,73,0.0,1015,18,10,142,7
31,16,0.0,11.6,6,1,58,12:02 PM,12:16 AM,06:45 AM,06:21 PM,15,22,23,22,10,1,65,0.0,1015,19,10,148,8
31,16,0.0,11.6,6,6,58,12:02 PM,12:16 AM,06:45 AM,06:21 PM,14,24,25,24,10,0,57,0.0,1016,21,10,155,8
31,16,0.0,11.6,6,6,58,12:02 PM,12:16 AM,06:45 AM,06:21 PM,13,26,26,26,10,1,47,0.0,1016,24,10,138,9
31,16,0.0,11.6,6,7,58,12:02 PM,12:16 AM,06:45 AM,06:21 PM,11,28,28,28,11,1,37,0.0,1016,26,10,121,10
31,16,0.0,11.6,6,7,58,12:02 PM,12:16 AM,06:45 AM,06:21 PM,10,29,29,31,12,2,28,0.0,1015,29,10,104,10
31,16,0.0,11.6,6,7,58,12:02 PM,12:16 AM,06:45 AM,06:21 PM,9,29,29,31,13,4,26,0.0,1014,30,10,102,11
31,16,0.0,11.6,6,8,58,12:02 PM,12:16 AM,06:45 AM,06:21 PM,8,29,29,31,14,6,24,0.0,1013,30,10,100,12
31,16,0.0,11.6,6,8,58,12:02 PM,12:16 AM,06:45 AM,06:21 PM,7,30,30,32,15,8,22,0.0,1011,31,10,98,13
31,16,0.0,11.6,6,8,58,12:02 PM,12:16 AM,06:45 AM,06:21 PM,8,29,29,31,14,8,25,0.0,1011,30,10,98,12
31,16,0.0,11.6,6,7,58,12:02 PM,12:16 AM,06:45 AM,06:21 PM,9,28,28,30,14,8,27,0.0,1011,29,10,98,11
31,16,0.0,11.6,6,7,58,12:02 PM,12:16 AM,06:45 AM,06:21 PM,9,28,28,29,13,9,30,0.0,1011,28,10,98,10
31,16,0.0,11.6,6,7,58,12:02 PM,12:16 AM,06:45 AM,06:21 PM,10,27,27,27,16,9,37,0.0,1012,26,10,108,10
31,16,0.0,11.6,6,6,58,12:02 PM,12:16 AM,06:45 AM,06:21 PM,11,26,26,24,18,9,44,0.0,1013,24,10,118,10
31,16,0.0,11.6,6,6,58,12:02 PM,12:16 AM,06:45 AM,06:21 PM,12,22,25,22,20,9,51,0.0,1013,22,10,128,10
31,16,0.0,11.6,6,1,58,12:02 PM,12:16 AM,06:45 AM,06:21 PM,12,21,23,21,21,7,57,0.0,1014,21,10,121,11
31,16,0.0,11.6,6,1,58,12:02 PM,12:16 AM,06:45 AM,06:21 PM,13,21,21,21,22,6,62,0.0,1014,20,10,114,11
31,16,0.0,11.6,6,1,58,12:02 PM,12:16 AM,06:45 AM,06:21 PM,14,20,20,20,24,5,68,0.0,1015,19,10,107,12
31,16,0.0,11.6,6,1,58,12:02 PM,12:16 AM,06:45 AM,06:21 PM,14,19,19,19,22,5,71,0.0,1015,19,10,111,11
31,16,0.0,11.6,6,1,58,12:02 PM,12:16 AM,06:45 AM,06:21 PM,14,19,19,19,20,5,75,0.0,1014,18,10,116,11
31,16,0.0,11.6,6,1,66,12:56 PM,01:17 AM,06:45 AM,06:22 PM,15,19,19,19,17,5,78,0.0,1014,18,10,120,10
31,16,0.0,11.6,6,1,66,12:56 PM,01:17 AM,06:45 AM,06:22 PM,15,19,19,19,15,4,80,0.0,1014,17,10,130,9
31,16,0.0,11.6,6,1,66,12:56 PM,01:17 AM,06:45 AM,06:22 PM,16,19,19,19,12,3,82,0.0,1015,16,10,139,8
31,16,0.0,11.6,6,1,66,12:56 PM,01:17 AM,06:45 AM,06:22 PM,17,19,19,19,9,2,84,0.0,1015,16,10,148,6
31,16,0.0,11.6,6,1,66,12:56 PM,01:17 AM,06:45 AM,06:22 PM,16,21,21,21,9,1,77,0.0,1015,17,10,159,7
31,16,0.0,11.6,6,1,66,12:56 PM,01:17 AM,06:45 AM,06:22 PM,16,22,23,22,9,1,69,0.0,1016,19,10,170,7
31,16,0.0,11.6,6,6,66,12:56 PM,01:17 AM,06:45 AM,06:22 PM,15,23,25,23,8,0,61,0.0,1016,20,10,181,7
31,16,0.0,11.6,6,6,66,12:56 PM,01:17 AM,06:45 AM,06:22 PM,13,27,27,26,8,1,49,0.0,1016,24,10,157,7
31,16,0.0,11.6,6,7,66,12:56 PM,01:17 AM,06:45 AM,06:22 PM,11,28,28,29,8,2,37,0.0,1016,27,10,133,7
31,16,0.0,11.6,6,7,66,12:56 PM,01:17 AM,06:45 AM,06:22 PM,9,30,30,31,8,2,25,0.0,1015,30,10,109,7
31,16,0.0,11.6,6,8,66,12:56 PM,01:17 AM,06:45 AM,06:22 PM,9,30,30,32,9,5,24,0.0,1014,30,10,103,8
31,16,0.0,11.6,6,8,66,12:56 PM,01:17 AM,06:45 AM,06:22 PM,8,30,30,32,9,7,23,0.0,1013,31,10,97,8
31,16,0.0,11.6,6,8,66,12:56 PM,01:17 AM,06:45 AM,06:22 PM,7,30,30,32,10,9,22,0.0,1012,31,10,92,9
31,16,0.0,11.6,6,8,66,12:56 PM,01:17 AM,06:45 AM,06:22 PM,8,29,29,31,10,12,24,0.0,1012,30,10,90,9
31,16,0.0,11.6,6,7,66,12:56 PM,01:17 AM,06:45 AM,06:22 PM,9,28,28,30,11,14,27,0.0,1012,29,10,89,9
31,16,0.0,11.6,6,7,66,12:56 PM,01:17 AM,06:45 AM,06:22 PM,9,27,27,29,11,16,29,0.0,1012,28,10,88,9
31,16,0.0,11.6,6,7,66,12:56 PM,01:17 AM,06:45 AM,06:22 PM,10,26,26,26,15,19,36,0.0,1013,26,10,94,9
31,16,0.0,11.6,6,6,66,12:56 PM,01:17 AM,06:45 AM,06:22 PM,10,25,25,24,18,21,43,0.0,1013,24,10,100,10
31,16,0.0,11.6,6,6,66,12:56 PM,01:17 AM,06:45 AM,06:22 PM,11,22,24,22,21,23,50,0.0,1014,22,10,107,10
31,16,0.0,11.6,6,1,66,12:56 PM,01:17 AM,06:45 AM,06:22 PM,12,21,23,21,21,19,56,0.0,1015,21,10,107,11
31,16,0.0,11.6,6,1,66,12:56 PM,01:17 AM,06:45 AM,06:22 PM,13,21,21,21,22,15,63,0.0,1015,20,10,107,12
31,16,0.0,11.6,6,1,66,12:56 PM,01:17 AM,06:45 AM,06:22 PM,14,20,20,20,23,11,69,0.0,1016,20,10,107,13
31,16,0.0,11.6,6,1,66,12:56 PM,01:17 AM,06:45 AM,06:22 PM,14,19,19,19,21,10,72,0.0,1015,19,10,114,12
31,16,0.0,11.6,6,1,66,12:56 PM,01:17 AM,06:45 AM,06:22 PM,15,19,19,19,20,10,75,0.0,1015,19,10,122,11
30,16,0.0,11.6,6,1,73,01:57 PM,02:20 AM,06:45 AM,06:22 PM,15,19,19,19,18,9,78,0.0,1015,18,10,129,10
30,16,0.0,11.6,6,1,73,01:57 PM,02:20 AM,06:45 AM,06:22 PM,15,18,18,18,16,8,81,0.0,1015,17,10,136,9
30,16,0.0,11.6,6,1,73,01:57 PM,02:20 AM,06:45 AM,06:22 PM,15,18,18,18,15,8,83,0.0,1015,17,10,142,8
30,16,0.0,11.6,6,1,73,01:57 PM,02:20 AM,06:45 AM,06:22 PM,15,17,17,17,13,7,85,0.0,1015,16,10,149,7
30,16,0.0,11.6,6,1,73,01:57 PM,02:20 AM,06:45 AM,06:22 PM,15,19,20,19,12,6,78,0.0,1015,18,10,155,7
30,16,0.0,11.6,6,1,73,01:57 PM,02:20 AM,06:45 AM,06:22 PM,15,20,22,20,10,5,71,0.0,1016,19,10,161,7
30,16,0.0,11.6,6,6,73,01:57 PM,02:20 AM,06:45 AM,06:22 PM,15,22,25,22,9,4,64,0.0,1016,20,10,167,8
30,16,0.0,11.6,6,6,73,01:57 PM,02:20 AM,06:45 AM,06:22 PM,14,26,26,25,8,4,53,0.0,1016,23,10,149,7
30,16,0.0,11.6,6,7,73,01:57 PM,02:20 AM,06:45 AM,06:22 PM,12,28,28,28,7,4,41,0.0,1016,26,10,132,6
30,16,0.0,11.6,6,7,73,01:57 PM,02:20 AM,06:45 AM,06:22 PM,11,30,30,31,6,4,30,0.0,1016,29,10,114,5
30,16,0.0,11.6,6,7,73,01:57 PM,02:20 AM,06:45 AM,06:22 PM,10,30,30,31,8,6,28,0.0,1015,30,10,101,7
30,16,0.0,11.6,6,7,73,01:57 PM,02:20 AM,06:45 AM,06:22 PM,9,29,29,31,9,8,26,0.0,1013,30,10,88,8
30,16,0.0,11.6,6,8,73,01:57 PM,02:20 AM,06:45 AM,06:22 PM,8,29,29,31,11,11,24,0.0,1012,30,10,75,10
30,16,0.0,11.6,6,7,73,01:57 PM,02:20 AM,06:45 AM,06:22 PM,8,29,29,30,13,13,25,0.0,1012,30,10,79,10
30,16,0.0,11.6,6,7,73,01:57 PM,02:20 AM,06:45 AM,06:22 PM,8,28,28,29,14,15,27,0.0,1012,29,10,82,11
30,16,0.0,11.6,6,7,73,01:57 PM,02:20 AM,06:45 AM,06:22 PM,8,27,27,28,16,16,29,0.0,1012,28,10,86,12
30,16,0.0,11.6,6,7,73,01:57 PM,02:20 AM,06:45 AM,06:22 PM,9,26,26,26,19,13,34,0.0,1013,26,10,98,12
30,16,0.0,11.6,6,6,73,01:57 PM,02:20 AM,06:45 AM,06:22 PM,9,25,25,24,21,10,39,0.0,1013,24,10,110,13
30,16,0.0,11.6,6,6,73,01:57 PM,02:20 AM,06:45 AM,06:22 PM,10,24,24,22,24,7,44,0.0,1014,22,10,122,13
30,16,0.0,11.6,6,1,73,01:57 PM,02:20 AM,06:45 AM,06:22 PM,10,22,23,22,22,6,48,0.0,1015,21,10,118,12
30,16,0.0,11.6,6,1,73,01:57 PM,02:20 AM,06:45 AM,06:22 PM,10,21,21,21,21,4,52,0.0,1015,20,10,115,12
30,16,0.0,11.6,6,1,73,01:57 PM,02:20 AM,06:45 AM,06:22 PM,11,20,20,20,19,2,56,0.0,1015,19,10,112,11
30,16,0.0,11.6,6,1,73,01:57 PM,02:20 AM,06:45 AM,06:22 PM,11,19,19,19,19,2,58,0.0,1015,18,10,113,10
30,16,0.0,11.6,6,1,73,01:57 PM,02:20 AM,06:45 AM,06:22 PM,11,19,19,19,18,2,60,0.0,1015,18,10,115,10
31,15,0.0,11.6,6,1,81,03:02 PM,03:24 AM,06:45 AM,06:22 PM,11,19,19,19,18,2,62,0.0,1015,17,10,116,10
31,15,0.0,11.6,6,1,81,03:02 PM,03:24 AM,06:45 AM,06:22 PM,12,19,19,19,14,2,65,0.0,1015,16,10,114,8
31,15,0.0,11.6,6,1,81,03:02 PM,03:24 AM,06:45 AM,06:22 PM,13,19,19,19,10,2,68,0.0,1015,16,10,112,6
31,15,0.0,11.6,6,1,81,03:02 PM,03:24 AM,06:45 AM,06:22 PM,14,19,19,19,6,1,71,0.0,1015,15,10,110,4
31,15,0.0,11.6,6,1,81,03:02 PM,03:24 AM,06:45 AM,06:22 PM,13,21,21,21,7,1,62,0.0,1015,17,10,119,5
31,15,0.0,11.6,6,1,81,03:02 PM,03:24 AM,06:45 AM,06:22 PM,12,22,23,22,8,0,53,0.0,1016,19,10,129,6
31,15,0.0,11.6,6,6,81,03:02 PM,03:24 AM,06:45 AM,06:22 PM,11,24,25,24,9,0,44,0.0,1016,21,10,138,8
31,15,0.0,11.6,6,6,81,03:02 PM,03:24 AM,06:45 AM,06:22 PM,10,26,26,26,10,1,38,0.0,1016,23,10,119,9
31,15,0.0,11.6,6,7,81,03:02 PM,03:24 AM,06:45 AM,06:22 PM,9,27,27,28,11,1,31,0.0,1015,26,10,100,9
31,15,0.0,11.6,6,7,81,03:02 PM,03:24 AM,06:45 AM,06:22 PM,8,29,29,30,12,2,24,0.0,1015,29,10,82,10
31,15,0.0,11.6,6,7,81,03:02 PM,03:24 AM,06:45 AM,06:22 PM,7,29,29,31,12,3,23,0.0,1014,30,10,81,11
31,15,0.0,11.6,6,8,81,03:02 PM,03:24 AM,06:45 AM,06:22 PM,7,29,29,31,13,4,22,0.0,1013,30,10,80,11
31,15,0.0,11.6,6,8,81,03:02 PM,03:24 AM,06:45 AM,06:22 PM,7,30,30,32,13,5,21,0.0,1012,31,10,79,12
31,15,0.0,11.6,6,8,81,03:02 PM,03:24 AM,06:45 AM,06:22 PM,8,29,29,31,13,8,24,0.0,1011,30,10,83,11
31,15,0.0,11.6,6,7,81,03:02 PM,03:24 AM,06:45 AM,06:22 PM,9,28,28,30,13,10,27,0.0,1011,29,10,86,10
31,15,0.0,11.6,6,7,81,03:02 PM,03:24 AM,06:45 AM,06:22 PM,10,28,28,29,12,13,30,0.0,1011,28,10,89,9
31,15,0.0,11.6,6,7,81,03:02 PM,03:24 AM,06:45 AM,06:22 PM,11,27,27,27,15,12,37,0.0,1012,26,10,96,10
31,15,0.0,11.6,6,6,81,03:02 PM,03:24 AM,06:45 AM,06:22 PM,11,26,26,25,18,10,45,0.0,1013,24,10,102,11
31,15,0.0,11.6,6,6,81,03:02 PM,03:24 AM,06:45 AM,06:22 PM,12,25,25,23,22,9,52,0.0,1014,22,10,109,12
31,15,0.0,11.6,6,1,81,03:02 PM,03:24 AM,06:45 AM,06:22 PM,13,22,23,22,20,8,58,0.0,1014,21,10,105,11
31,15,0.0,11.6,6,1,81,03:02 PM,03:24 AM,06:45 AM,06:22 PM,14,21,22,21,18,6,65,0.0,1014,20,10,101,11
31,15,0.0,11.6,6,1,81,03:02 PM,03:24 AM,06:45 AM,06:22 PM,15,20,20,20,16,5,71,0.0,1015,19,10,97,10
31,15,0.0,11.6,6,1,81,03:02 PM,03:24 AM,06:45 AM,06:22 PM,15,20,20,20,15,4,74,0.0,1015,19,10,99,10
31,15,0.0,11.6,6,1,81,03:02 PM,03:24 AM,06:45 AM,06:22 PM,16,20,20,20,13,3,77,0.0,1014,18,10,100,9
30,15,0.0,11.6,6,1,88,04:08 PM,04:26 AM,06:45 AM,06:23 PM,17,20,20,20,11,1,80,0.0,1014,17,10,102,9
30,15,0.0,11.6,6,1,88,04:08 PM,04:26 AM,06:45 AM,06:23 PM,16,20,20,20,11,1,81,0.0,1014,17,10,102,8
30,15,0.0,11.6,6,1,88,04:08 PM,04:26 AM,06:45 AM,06:23 PM,16,19,19,19,10,0,82,0.0,1014,16,10,102,7
30,15,0.0,11.6,6,1,88,04:08 PM,04:26 AM,06:45 AM,06:23 PM,16,19,19,19,10,0,83,0.0,1014,15,10,102,6
30,15,0.0,11.6,6,1,88,04:08 PM,04:26 AM,06:45 AM,06:23 PM,14,20,21,20,10,1,73,0.0,1014,17,10,107,8
30,15,0.0,11.6,6,1,88,04:08 PM,04:26 AM,06:45 AM,06:23 PM,13,21,23,21,11,2,63,0.0,1015,19,10,111,9
30,15,0.0,11.6,6,6,88,04:08 PM,04:26 AM,06:45 AM,06:23 PM,12,22,24,22,11,2,52,0.0,1015,21,10,116,10
30,15,0.0,11.6,6,6,88,04:08 PM,04:26 AM,06:45 AM,06:23 PM,10,25,25,24,13,2,44,0.0,1014,23,10,107,12
30,15,0.0,11.6,6,7,88,04:08 PM,04:26 AM,06:45 AM,06:23 PM,9,26,26,27,16,3,35,0.0,1014,26,10,98,14
30,15,0.0,11.6,6,7,88,04:08 PM,04:26 AM,06:45 AM,06:23 PM,8,27,27,29,18,3,27,0.0,1014,29,10,89,15
30,15,0.0,11.6,6,7,88,04:08 PM,04:26 AM,06:45 AM,06:23 PM,8,28,28,29,19,2,26,0.0,1013,29,10,91,17
30,15,0.0,11.6,6,7,88,04:08 PM,04:26 AM,06:45 AM,06:23 PM,7,28,28,30,21,2,24,0.0,1012,30,10,93,18
30,15,0.0,11.6,6,8,88,04:08 PM,04:26 AM,06:45 AM,06:23 PM,7,28,28,30,22,1,23,0.0,1011,30,10,95,19
30,15,0.0,11.6,6,7,88,04:08 PM,04:26 AM,06:45 AM,06:23 PM,8,28,28,29,19,2,27,0.0,1011,29,10,96,16
30,15,0.0,11.6,6,7,88,04:08 PM,04:26 AM,06:45 AM,06:23 PM,9,28,28,29,16,3,30,0.0,1011,28,10,97,13
30,15,0.0,11.6,6,7,88,04:08 PM,04:26 AM,06:45 AM,06:23 PM,11,27,27,28,13,4,34,0.0,1011,27,10,98,10
30,15,0.0,11.6,6,7,88,04:08 PM,04:26 AM,06:45 AM,06:23 PM,11,26,26,26,16,5,41,0.0,1012,26,10,105,11
30,15,0.0,11.6,6,6,88,04:08 PM,04:26 AM,06:45 AM,06:23 PM,12,26,26,24,20,6,49,0.0,1013,24,10,111,12
30,15,0.0,11.6,6,6,88,04:08 PM,04:26 AM,06:45 AM,06:23 PM,13,22,25,22,23,7,56,0.0,1014,22,10,118,13
30,15,0.0,11.6,6,1,88,04:08 PM,04:26 AM,06:45 AM,06:23 PM,14,21,23,21,21,9,63,0.0,1014,21,10,113,12
30,15,0.0,11.6,6,1,88,04:08 PM,04:26 AM,06:45 AM,06:23 PM,15,20,21,20,19,11,70,0.0,1014,20,10,108,11
30,15,0.0,11.6,6,1,88,04:08 PM,04:26 AM,06:45 AM,06:23 PM,15,20,20,20,16,12,76,0.0,1015,19,10,102,10
30,15,0.0,11.6,6,1,88,04:08 PM,04:26 AM,06:45 AM,06:23 PM,16,19,19,19,16,10,79,0.0,1015,19,10,102,10
30,15,0.0,11.6,6,1,88,04:08 PM,04:26 AM,06:45 AM,06:23 PM,16,19,19,19,16,7,82,0.0,1015,18,10,101,10
30,15,0.0,11.6,6,1,96,05:14 PM,05:25 AM,06:44 AM,06:23 PM,16,19,19,19,15,4,84,0.0,1015,18,10,101,9
30,15,0.0,11.6,6,1,96,05:14 PM,05:25 AM,06:44 AM,06:23 PM,17,19,19,19,12,3,87,0.0,1015,17,10,92,7
30,15,0.0,11.6,6,1,96,05:14 PM,05:25 AM,06:44 AM,06:23 PM,17,19,19,19,8,3,90,0.0,1015,16,10,84,6
30,15,0.0,11.6,6,1,96,05:14 PM,05:25 AM,06:44 AM,06:23 PM,18,19,19,19,5,2,93,0.0,1015,15,10,75,4
30,15,0.0,11.6,6,1,96,05:14 PM,05:25 AM,06:44 AM,06:23 PM,17,21,21,21,6,2,80,0.0,1016,17,10,82,4
30,15,0.0,11.6,6,1,96,05:14 PM,05:25 AM,06:44 AM,06:23 PM,15,22,23,22,6,1,67,0.0,1016,19,10,90,5
30,15,0.0,11.6,6,6,96,05:14 PM,05:25 AM,06:44 AM,06:23 PM,14,24,25,24,7,1,54,0.0,1016,21,10,97,6
30,15,0.0,11.6,6,6,96,05:14 PM,05:25 AM,06:44 AM,06:23 PM,12,26,26,26,10,2,45,0.0,1016,23,10,91,9
30,15,0.0,11.6,6,7,96,05:14 PM,05:25 AM,06:44 AM,06:23 PM,9,27,27,27,14,3,35,0.0,1016,26,10,84,12
30,15,0.0,11.6,6,7,96,05:14 PM,05:25 AM,06:44 AM,06:23 PM,7,27,27,29,17,3,26,0.0,1016,29,10,78,15
30,15,0.0,11.6,6,7,96,05:14 PM,05:25 AM,06:44 AM,06:23 PM,7,28,28,29,19,3,25,0.0,1015,29,10,80,16
30,15,0.0,11.6,6,7,96,05:14 PM,05:25 AM,06:44 AM,06:23 PM,7,28,28,30,20,3,24,0.0,1013,30,10,82,18
30,15,0.0,11.6,6,8,96,05:14 PM,05:25 AM,06:44 AM,06:23 PM,7,29,29,30,22,3,24,0.0,1012,30,10,84,19
30,15,0.0,11.6,6,7,96,05:14 PM,05:25 AM,06:44 AM,06:23 PM,8,28,28,30,20,4,27,0.0,1012,29,10,85,17
30,15,0.0,11.6,6,7,96,05:14 PM,05:25 AM,06:44 AM,06:23 PM,9,28,28,29,18,5,30,0.0,1012,28,10,87,14
30,15,0.0,11.6,6,7,96,05:14 PM,05:25 AM,06:44 AM,06:23 PM,10,27,27,28,16,7,34,0.0,1013,27,10,88,12
30,15,0.0,11.6,6,7,96,05:14 PM,05:25 AM,06:44 AM,06:23 PM,11,26,26,26,18,7,41,0.0,1013,25,10,96,12
30,15,0.0,11.6,6,6,96,05:14 PM,05:25 AM,06:44 AM,06:23 PM,12,25,25,24,21,8,48,0.0,1014,24,10,104,13
30,15,0.0,11.6,6,6,96,05:14 PM,05:25 AM,06:44 AM,06:23 PM,12,22,24,22,23,8,55,0.0,1015,22,10,111,13
30,15,0.0,11.6,6,1,96,05:14 PM,05:25 AM,06:44 AM,06:23 PM,13,21,23,21,22,10,59,0.0,1016,21,10,106,13
30,15,0.0,11.6,6,1,96,05:14 PM,05:25 AM,06:44 AM,06:23 PM,13,20,21,20,21,11,64,0.0,1016,20,10,100,12
30,15,0.0,11.6,6,1,96,05:14 PM,05:25 AM,06:44 AM,06:23 PM,13,19,19,19,20,12,68,0.0,1016,19,10,94,12
30,15,0.0,11.6,6,1,96,05:14 PM,05:25 AM,06:44 AM,06:23 PM,14,19,19,19,18,9,71,0.0,1016,19,10,97,11
30,15,0.0,11.6,6,1,96,05:14 PM,05:25 AM,06:44 AM,06:23 PM,14,19,19,19,16,6,73,0.0,1016,18,10,100,11
30,15,0.0,11.6,6,1,100,06:15 PM,06:17 AM,06:44 AM,06:23 PM,14,19,19,19,15,2,76,0.0,1016,17,10,102,10
30,15,0.0,11.6,6,1,100,06:15 PM,06:17 AM,06:44 AM,06:23 PM,15,19,19,19,13,1,78,0.0,1016,16,10,99,9
30,15,0.0,11.6,6,1,100,06:15 PM,06:17 AM,06:44 AM,06:23 PM,15,18,18,18,12,1,81,0.0,1016,16,10,95,8
30,15,0.0,11.6,6,1,100,06:15 PM,06:17 AM,06:44 AM,06:23 PM,15,18,18,18,10,0,83,0.0,1015,15,10,91,6
30,15,0.0,11.6,6,1,100,06:15 PM,06:17 AM,06:44 AM,06:23 PM,15,20,20,20,9,0,73,0.0,1016,17,10,93,6
30,15,0.0,11.6,6,1,100,06:15 PM,06:17 AM,06:44 AM,06:23 PM,14,22,23,22,8,0,63,0.0,1016,18,10,95,6
30,15,0.0,11.6,6,6,100,06:15 PM,06:17 AM,06:44 AM,06:23 PM,13,24,25,24,7,0,53,0.0,1017,20,10,97,6
30,15,0.0,11.6,6,6,100,06:15 PM,06:17 AM,06:44 AM,06:23 PM,12,26,26,25,15,1,45,0.0,1017,23,10,89,13
30,15,0.0,11.6,6,7,100,06:15 PM,06:17 AM,06:44 AM,06:23 PM,10,26,26,26,23,3,37,0.0,1016,25,10,80,20
30,15,0.0,11.6,6,7,100,06:15 PM,06:17 AM,06:44 AM,06:23 PM,8,27,27,28,30,4,30,0.0,1016,28,10,71,26
30,15,0.0,11.6,6,7,100,06:15 PM,06:17 AM,06:44 AM,06:23 PM,9,27,27,28,29,4,29,0.0,1015,28,10,73,25
30,15,0.0,11.6,6,7,100,06:15 PM,06:17 AM,06:44 AM,06:23 PM,9,28,28,29,27,4,29,0.0,1014,29,10,74,24
30,15,0.0,11.6,6,7,100,06:15 PM,06:17 AM,06:44 AM,06:23 PM,9,28,28,30,26,4,28,0.0,1013,30,10,76,22
30,15,0.0,11.6,6,7,100,06:15 PM,06:17 AM,06:44 AM,06:23 PM,10,28,28,29,25,4,31,0.0,1013,29,10,83,21
30,15,0.0,11.6,6,7,100,06:15 PM,06:17 AM,06:44 AM,06:23 PM,10,27,27,28,24,5,33,0.0,1013,28,10,91,19
30,15,0.0,11.6,6,7,100,06:15 PM,06:17 AM,06:44 AM,06:23 PM,11,27,27,27,24,5,36,0.0,1013,27,10,99,18
30,15,0.0,11.6,6,7,100,06:15 PM,06:17 AM,06:44 AM,06:23 PM,11,26,26,25,24,6,42,0.0,1014,25,10,104,16
30,15,0.0,11.6,6,6,100,06:15 PM,06:17 AM,06:44 AM,06:23 PM,12,25,25,24,24,7,48,0.0,1014,24,10,110,15
30,15,0.0,11.6,6,6,100,06:15 PM,06:17 AM,06:44 AM,06:23 PM,12,22,24,22,24,8,54,0.0,1015,22,10,115,14
30,15,0.0,11.6,6,1,100,06:15 PM,06:17 AM,06:44 AM,06:23 PM,12,21,23,21,21,7,58,0.0,1015,20,10,112,12
30,15,0.0,11.6,6,1,100,06:15 PM,06:17 AM,06:44 AM,06:23 PM,12,20,21,20,19,5,61,0.0,1016,19,10,109,11
30,15,0.0,11.6,6,1,100,06:15 PM,06:17 AM,06:44 AM,06:23 PM,12,19,19,19,17,3,64,0.0,1016,18,10,105,9
30,15,0.0,11.6,6,1,100,06:15 PM,06:17 AM,06:44 AM,06:23 PM,12,19,19,19,15,2,66,0.0,1016,17,10,101,9
30,15,0.0,11.6,6,1,100,06:15 PM,06:17 AM,06:44 AM,06:23 PM,13,19,19,19,14,1,69,0.0,1015,17,10,97,9
30,13,0.0,11.6,6,1,89,07:14 PM,07:05 AM,06:44 AM,06:24 PM,13,19,19,19,13,0,71,0.0,1015,16,10,93,9
30,13,0.0,11.6,6,1,89,07:14 PM,07:05 AM,06:44 AM,06:24 PM,14,18,18,18,10,1,78,0.0,1015,15,10,87,7
30,13,0.0,11.6,6,1,89,07:14 PM,07:05 AM,06:44 AM,06:24 PM,15,18,18,18,7,1,84,0.0,1015,14,10,80,5
30,13,0.0,11.6,6,1,89,07:14 PM,07:05 AM,06:44 AM,06:24 PM,16,18,18,18,5,2,91,0.0,1016,13,10,74,3
30,13,0.0,11.6,6,1,89,07:14 PM,07:05 AM,06:44 AM,06:24 PM,15,19,20,19,4,3,77,0.0,1016,16,10,87,3
30,13,0.0,11.6,6,1,89,07:14 PM,07:05 AM,06:44 AM,06:24 PM,13,21,22,21,4,3,64,0.0,1016,18,10,101,3
30,13,0.0,11.6,6,6,89,07:14 PM,07:05 AM,06:44 AM,06:24 PM,12,23,25,23,3,4,50,0.0,1017,20,10,114,3
30,13,0.0,11.6,6,6,89,07:14 PM,07:05 AM,06:44 AM,06:24 PM,10,26,26,25,6,3,42,0.0,1016,23,10,91,5
30,13,0.0,11.6,6,7,89,07:14 PM,07:05 AM,06:44 AM,06:24 PM,9,27,27,27,9,2,33,0.0,1016,25,10,67,8
30,13,0.0,11.6,6,7,89,07:14 PM,07:05 AM,06:44 AM,06:24 PM,7,28,28,30,12,2,24,0.0,1015,28,10,44,10
30,13,0.0,11.6,6,7,89,07:14 PM,07:05 AM,06:44 AM,06:24 PM,7,28,28,30,13,3,23,0.0,1014,29,10,53,11
30,13,0.0,11.6,6,7,89,07:14 PM,07:05 AM,06:44 AM,06:24 PM,6,28,28,30,13,4,22,0.0,1013,30,10,63,12
30,13,0.0,11.6,6,8,89,07:14 PM,07:05 AM,06:44 AM,06:24 PM,5,29,29,31,14,5,20,0.0,1011,30,10,73,12
30,13,0.0,11.6,6,7,89,07:14 PM,07:05 AM,06:44 AM,06:24 PM,6,28,28,30,13,7,23,0.0,1011,30,10,79,11
30,13,0.0,11.6,6,7,89,07:14 PM,07:05 AM,06:44 AM,06:24 PM,8,28,28,29,12,9,26,0.0,1011,29,10,85,10
30,13,0.0,11.6,6,7,89,07:14 PM,07:05 AM,06:44 AM,06:24 PM,9,27,27,29,12,11,29,0.0,1011,28,10,91,9
30,13,0.0,11.6,6,7,89,07:14 PM,07:05 AM,06:44 AM,06:24 PM,9,26,26,26,15,10,36,0.0,1012,26,10,98,10
30,13,0.0,11.6,6,6,89,07:14 PM,07:05 AM,06:44 AM,06:24 PM,10,25,25,24,19,9,43,0.0,1012,23,10,104,11
30,13,0.0,11.6,6,6,89,07:14 PM,07:05 AM,06:44 AM,06:24 PM,11,22,24,22,22,8,50,0.0,1013,21,10,111,12
30,13,0.0,11.6,6,1,89,07:14 PM,07:05 AM,06:44 AM,06:24 PM,11,21,23,21,23,6,53,0.0,1014,20,10,106,12
30,13,0.0,11.6,6,1,89,07:14 PM,07:05 AM,06:44 AM,06:24 PM,11,20,21,20,24,4,57,0.0,1014,20,10,101,13
30,13,0.0,11.6,6,1,89,07:14 PM,07:05 AM,06:44 AM,06:24 PM,11,19,19,19,25,2,61,0.0,1015,19,10,96,14
30,13,0.0,11.6,6,1,89,07:14 PM,07:05 AM,06:44 AM,06:24 PM,11,19,19,19,22,2,62,0.0,1014,18,10,106,13
30,13,0.0,11.6,6,1,89,07:14 PM,07:05 AM,06:44 AM,06:24 PM,11,19,19,19,19,2,63,0.0,1014,17,10,116,12
32,13,0.0,11.6,6,1,82,08:09 PM,07:49 AM,06:43 AM,06:24 PM,12,18,18,18,16,2,65,0.0,1014,16,10,125,10
32,13,0.0,11.6,6,1,82,08:09 PM,07:49 AM,06:43 AM,06:24 PM,13,18,18,18,12,1,73,0.0,1014,15,10,113,8
32,13,0.0,11.6,6,1,82,08:09 PM,07:49 AM,06:43 AM,06:24 PM,15,18,18,18,7,1,81,0.0,1014,14,10,101,5
32,13,0.0,11.6,6,1,82,08:09 PM,07:49 AM,06:43 AM,06:24 PM,16,18,18,18,3,0,90,0.0,1014,13,10,89,2
32,13,0.0,11.6,6,1,82,08:09 PM,07:49 AM,06:43 AM,06:24 PM,15,20,20,20,4,0,75,0.0,1015,16,10,120,3
32,13,0.0,11.6,6,1,82,08:09 PM,07:49 AM,06:43 AM,06:24 PM,13,22,23,22,4,0,61,0.0,1015,18,10,150,4
32,13,0.0,11.6,6,6,82,08:09 PM,07:49 AM,06:43 AM,06:24 PM,12,24,25,24,5,0,46,0.0,1016,20,10,181,4
32,13,0.0,11.6,6,6,82,08:09 PM,07:49 AM,06:43 AM,06:24 PM,11,28,28,28,4,0,38,0.0,1015,24,10,146,4
32,13,0.0,11.6,6,7,82,08:09 PM,07:49 AM,06:43 AM,06:24 PM,10,31,31,31,4,0,29,0.0,1015,27,10,111,3
32,13,0.0,11.6,6,8,82,08:09 PM,07:49 AM,06:43 AM,06:24 PM,9,33,33,35,3,0,21,0.0,1014,31,10,76,3
32,13,0.0,11.6,6,8,82,08:09 PM,07:49 AM,06:43 AM,06:24 PM,8,33,33,34,5,1,19,0.0,1013,31,10,82,4
32,13,0.0,11.6,6,8,82,08:09 PM,07:49 AM,06:43 AM,06:24 PM,6,32,32,34,6,2,18,0.0,1011,31,10,89,6
32,13,0.0,11.6,6,8,82,08:09 PM,07:49 AM,06:43 AM,06:24 PM,5,31,31,33,8,3,17,0.0,1010,32,10,95,7
32,13,0.0,11.6,6,8,82,08:09 PM,07:49 AM,06:43 AM,06:24 PM,5,30,30,32,8,8,18,0.0,1010,31,10,90,6
32,13,0.0,11.6,6,7,82,08:09 PM,07:49 AM,06:43 AM,06:24 PM,5,28,28,30,8,13,20,0.0,1010,29,10,85,6
32,13,0.0,11.6,6,7,82,08:09 PM,07:49 AM,06:43 AM,06:24 PM,5,27,27,29,7,19,22,0.0,1009,28,10,80,6
